timestamp,packet_length,transfer_type,endpoint,device,time_gap,packet_rate,burst_flag,label,device_class
0.0,18,2,128,3,0.0,1,0,keyboard_idle,0
0.018997,18,2,128,3,0.018997,2,0,keyboard_idle,0
0.0198,9,2,128,3,0.0008030000000000016,3,1,keyboard_idle,0
0.022727,9,2,128,3,0.002926999999999999,4,1,keyboard_idle,0
0.023231,59,2,128,3,0.000504000000000001,5,1,keyboard_idle,0
0.026796,59,2,128,3,0.0035649999999999987,6,1,keyboard_idle,0
0.027415,18,2,128,2,0.000618999999999998,7,1,keyboard_idle,0
0.030751,18,2,128,2,0.003336000000000002,8,1,keyboard_idle,0
0.03125,9,2,128,2,0.0004989999999999994,9,1,keyboard_idle,0
0.035513,9,2,128,2,0.004263000000000003,10,1,keyboard_idle,0
0.035977,34,2,128,2,0.00046399999999999914,11,1,keyboard_idle,0
0.039597,34,2,128,2,0.0036199999999999982,12,1,keyboard_idle,0
0.040843,18,2,128,1,0.0012459999999999971,13,1,keyboard_idle,0
0.040865,18,2,128,1,2.2000000000001185e-05,14,1,keyboard_idle,0
0.040877,9,2,128,1,1.1999999999998123e-05,15,1,keyboard_idle,0
0.040883,9,2,128,1,6.0000000000060005e-06,16,1,keyboard_idle,0
0.040891,25,2,128,1,7.999999999994123e-06,17,1,keyboard_idle,0
0.040896,25,2,128,1,5.0000000000050004e-06,18,1,keyboard_idle,0
0.0,18,2,128,3,0.0,1,0,keyboard_active,0
0.007197,18,2,128,3,0.007197,2,1,keyboard_active,0
0.007492,9,2,128,3,0.0002950000000000001,3,1,keyboard_active,0
0.011723,9,2,128,3,0.004231,4,1,keyboard_active,0
0.012006,59,2,128,3,0.00028299999999999853,5,1,keyboard_active,0
0.015934,59,2,128,3,0.003928000000000001,6,1,keyboard_active,0
0.016109,18,2,128,2,0.00017499999999999807,7,1,keyboard_active,0
0.019588,18,2,128,2,0.003479000000000003,8,1,keyboard_active,0
0.019778,9,2,128,2,0.0001899999999999992,9,1,keyboard_active,0
0.024347,9,2,128,2,0.004569,10,1,keyboard_active,0
0.024614,34,2,128,2,0.0002669999999999999,11,1,keyboard_active,0
0.028094,8,1,129,3,0.0034800000000000005,12,1,keyboard_active,0
0.028261,8,1,129,3,0.00016700000000000048,13,1,keyboard_active,0
0.031317,34,2,128,2,0.0030559999999999962,14,1,keyboard_active,0
0.031671,18,2,128,1,0.00035400000000000015,15,1,keyboard_active,0
0.031683,18,2,128,1,1.2000000000005062e-05,16,1,keyboard_active,0
0.031691,9,2,128,1,7.999999999994123e-06,17,1,keyboard_active,0
0.031695,9,2,128,1,4.000000000004e-06,18,1,keyboard_active,0
0.0317,25,2,128,1,4.9999999999980616e-06,19,1,keyboard_active,0
0.031703,25,2,128,1,3.0000000000030003e-06,20,1,keyboard_active,0
0.90717,8,1,129,3,0.875467,21,0,keyboard_active,0
0.907423,8,1,129,3,0.0002529999999999477,22,1,keyboard_active,0
1.075137,8,1,129,3,0.16771400000000003,3,0,keyboard_active,0
1.075216,8,1,129,3,7.899999999994023e-05,4,1,keyboard_active,0
1.195337,8,1,129,3,0.12012100000000014,5,0,keyboard_active,0
1.195403,8,1,129,3,6.599999999989947e-05,6,1,keyboard_active,0
1.211251,8,1,129,3,0.015848000000000084,7,0,keyboard_active,0
1.211322,8,1,129,3,7.099999999993223e-05,8,1,keyboard_active,0
1.251299,8,1,129,3,0.03997699999999993,9,0,keyboard_active,0
1.251365,8,1,129,3,6.600000000012152e-05,10,1,keyboard_active,0
1.323212,8,1,129,3,0.071847,11,0,keyboard_active,0
1.323289,8,1,129,3,7.699999999988272e-05,12,1,keyboard_active,0
1.340126,8,1,129,3,0.01683699999999999,13,0,keyboard_active,0
1.340204,8,1,129,3,7.80000000000225e-05,14,1,keyboard_active,0
1.371266,8,1,129,3,0.031062000000000145,15,0,keyboard_active,0
1.371356,8,1,129,3,8.999999999992347e-05,16,1,keyboard_active,0
1.39544,8,1,129,3,0.024083999999999994,17,0,keyboard_active,0
1.395529,8,1,129,3,8.900000000000574e-05,18,1,keyboard_active,0
1.404676,8,1,129,3,0.009147000000000016,19,1,keyboard_active,0
1.404754,8,1,129,3,7.80000000000225e-05,20,1,keyboard_active,0
1.499399,8,1,129,3,0.09464499999999987,21,0,keyboard_active,0
1.49947,8,1,129,3,7.100000000015427e-05,22,1,keyboard_active,0
1.595377,8,1,129,3,0.09590699999999996,23,0,keyboard_active,0
1.595454,8,1,129,3,7.699999999988272e-05,24,1,keyboard_active,0
1.715573,8,1,129,3,0.12011900000000009,25,0,keyboard_active,0
1.715649,8,1,129,3,7.599999999996498e-05,26,1,keyboard_active,0
1.869695,8,1,129,3,0.15404600000000013,27,0,keyboard_active,0
1.869775,8,1,129,3,7.999999999985796e-05,28,1,keyboard_active,0
1.88519,8,1,129,3,0.015414999999999957,29,0,keyboard_active,0
1.88526,8,1,129,3,7.00000000000145e-05,30,1,keyboard_active,0
1.901379,8,1,129,3,0.016118999999999994,31,0,keyboard_active,0
1.901455,8,1,129,3,7.599999999996498e-05,32,1,keyboard_active,0
1.916545,8,1,129,3,0.015090000000000048,31,0,keyboard_active,0
1.916629,8,1,129,3,8.399999999997299e-05,32,1,keyboard_active,0
2.003701,8,1,129,3,0.08707200000000004,33,0,keyboard_active,0
2.003778,8,1,129,3,7.700000000010476e-05,34,1,keyboard_active,0
2.029441,8,1,129,3,0.02566299999999977,35,0,keyboard_active,0
2.029546,8,1,129,3,0.00010500000000002174,36,1,keyboard_active,0
2.091683,8,1,129,3,0.06213700000000033,35,0,keyboard_active,0
2.091764,8,1,129,3,8.09999999997757e-05,36,1,keyboard_active,0
2.140733,8,1,129,3,0.04896900000000004,37,0,keyboard_active,0
2.140808,8,1,129,3,7.49999999998252e-05,38,1,keyboard_active,0
2.155643,8,1,129,3,0.014835000000000154,39,0,keyboard_active,0
2.155718,8,1,129,3,7.49999999998252e-05,40,1,keyboard_active,0
2.98014,8,1,129,3,0.8244220000000002,11,0,keyboard_active,0
2.980212,8,1,129,3,7.199999999984996e-05,12,1,keyboard_active,0
3.132204,8,1,129,3,0.15199200000000035,7,0,keyboard_active,0
3.132279,8,1,129,3,7.49999999998252e-05,8,1,keyboard_active,0
3.884501,8,1,129,3,0.7522220000000002,5,0,keyboard_active,0
3.884594,8,1,129,3,9.299999999967667e-05,6,1,keyboard_active,0
4.004555,8,1,129,3,0.11996099999999998,5,0,keyboard_active,0
4.004635,8,1,129,3,8.00000000005241e-05,6,1,keyboard_active,0
4.177282,8,1,129,3,0.17264699999999955,5,0,keyboard_active,0
4.177357,8,1,129,3,7.49999999998252e-05,6,1,keyboard_active,0
4.284785,8,1,129,3,0.10742800000000052,7,0,keyboard_active,0
4.28486,8,1,129,3,7.49999999998252e-05,8,1,keyboard_active,0
4.717005,8,1,129,3,0.4321450000000002,9,0,keyboard_active,0
4.717081,8,1,129,3,7.599999999996498e-05,10,1,keyboard_active,0
4.877094,8,1,129,3,0.1600129999999993,11,0,keyboard_active,0
4.877165,8,1,129,3,7.100000000015427e-05,12,1,keyboard_active,0
5.141152,8,1,129,3,0.2639870000000002,9,0,keyboard_active,0
5.141231,8,1,129,3,7.900000000038432e-05,10,1,keyboard_active,0
5.302123,8,1,129,3,0.1608919999999996,7,0,keyboard_active,0
5.302201,8,1,129,3,7.800000000024454e-05,8,1,keyboard_active,0
5.429265,8,1,129,3,0.12706399999999984,9,0,keyboard_active,0
5.429348,8,1,129,3,8.300000000005525e-05,10,1,keyboard_active,0
5.568041,8,1,129,3,0.13869299999999996,11,0,keyboard_active,0
5.568122,8,1,129,3,8.09999999997757e-05,12,1,keyboard_active,0
5.869619,8,1,129,3,0.30149700000000035,11,0,keyboard_active,0
5.869744,8,1,129,3,0.00012499999999970868,12,1,keyboard_active,0
5.99058,8,1,129,3,0.12083599999999972,11,0,keyboard_active,0
5.990662,8,1,129,3,8.200000000080365e-05,12,1,keyboard_active,0
6.213682,8,1,129,3,0.22302,11,0,keyboard_active,0
6.213758,8,1,129,3,7.599999999996498e-05,12,1,keyboard_active,0
6.333762,8,1,129,3,0.12000399999999978,11,0,keyboard_active,0
6.333846,8,1,129,3,8.400000000019503e-05,12,1,keyboard_active,0
6.878077,8,1,129,3,0.5442309999999999,7,0,keyboard_active,0
6.87824,8,1,129,3,0.00016299999999969117,8,1,keyboard_active,0
6.974069,8,1,129,3,0.09582900000000016,9,0,keyboard_active,0
6.974189,8,1,129,3,0.00011999999999989797,10,1,keyboard_active,0
7.150146,8,1,129,3,0.17595700000000036,9,0,keyboard_active,0
7.150256,8,1,129,3,0.00010999999999938836,10,1,keyboard_active,0
7.281002,8,1,129,3,0.13074600000000025,9,0,keyboard_active,0
7.281123,8,1,129,3,0.00012100000000003774,10,1,keyboard_active,0
7.390268,8,1,129,3,0.10914499999999983,9,0,keyboard_active,0
7.390383,8,1,129,3,0.00011500000000008725,10,1,keyboard_active,0
7.544718,8,1,129,3,0.15433499999999967,11,0,keyboard_active,0
7.544837,8,1,129,3,0.00011900000000064637,12,1,keyboard_active,0
7.646406,8,1,129,3,0.10156899999999958,13,0,keyboard_active,0
7.646658,8,1,129,3,0.0002520000000005851,14,1,keyboard_active,0
7.710436,8,1,129,3,0.06377799999999922,15,0,keyboard_active,0
7.710592,8,1,129,3,0.00015600000000048908,16,1,keyboard_active,0
7.761234,8,1,129,3,0.050641999999999854,17,0,keyboard_active,0
7.76135,8,1,129,3,0.00011600000000022703,18,1,keyboard_active,0
7.942635,8,1,129,3,0.18128499999999992,17,0,keyboard_active,0
7.942787,8,1,129,3,0.00015199999999992997,18,1,keyboard_active,0
8.024337,8,1,129,3,0.08154999999999912,17,0,keyboard_active,0
8.024468,8,1,129,3,0.00013100000000143552,18,1,keyboard_active,0
8.206762,8,1,129,3,0.18229399999999885,17,0,keyboard_active,0
8.20711,8,1,129,3,0.0003480000000006811,18,1,keyboard_active,0
8.32677,8,1,129,3,0.11965999999999966,17,0,keyboard_active,0
8.326885,8,1,129,3,0.00011500000000097543,18,1,keyboard_active,0
8.376073,8,1,129,3,0.04918799999999912,19,0,keyboard_active,0
8.376193,8,1,129,3,0.00012000000000078614,20,1,keyboard_active,0
8.486892,8,1,129,3,0.11069899999999855,19,0,keyboard_active,0
8.487003,8,1,129,3,0.00011100000000041632,20,1,keyboard_active,0
8.640483,8,1,129,3,0.15348000000000006,19,0,keyboard_active,0
8.640599,8,1,129,3,0.00011600000000022703,20,1,keyboard_active,0
8.681173,8,1,129,3,0.040573999999999444,19,0,keyboard_active,0
8.681335,8,1,129,3,0.00016200000000132775,20,1,keyboard_active,0
9.78355,8,1,129,3,1.1022149999999993,1,0,keyboard_active,0
9.783803,8,1,129,3,0.00025300000000072487,2,1,keyboard_active,0
9.790525,1,2,0,3,0.006721999999999895,3,1,keyboard_active,0
9.802722,1,2,0,3,0.012196999999998681,4,0,keyboard_active,0
9.927619,8,1,129,3,0.1248970000000007,5,0,keyboard_active,0
9.927732,8,1,129,3,0.00011300000000069588,6,1,keyboard_active,0
10.119631,8,1,129,3,0.19189899999999938,7,0,keyboard_active,0
10.119755,8,1,129,3,0.0001239999999995689,8,1,keyboard_active,0
10.295726,8,1,129,3,0.17597100000000054,9,0,keyboard_active,0
10.295844,8,1,129,3,0.00011800000000050659,10,1,keyboard_active,0
11.624462,8,1,129,3,1.3286179999999987,1,0,keyboard_active,0
11.624581,8,1,129,3,0.00011899999999975819,2,1,keyboard_active,0
11.77645,8,1,129,3,0.15186900000000136,3,0,keyboard_active,0
11.776576,8,1,129,3,0.00012599999999984846,4,1,keyboard_active,0
13.217154,8,1,129,3,1.4405780000000004,1,0,keyboard_active,0
13.217268,8,1,129,3,0.00011399999999994748,2,1,keyboard_active,0
13.322976,8,1,129,3,0.10570799999999991,3,0,keyboard_active,0
13.32309,8,1,129,3,0.00011399999999994748,4,1,keyboard_active,0
13.517608,8,1,129,3,0.19451799999999864,5,0,keyboard_active,0
13.517723,8,1,129,3,0.00011500000000097543,6,1,keyboard_active,0
13.609349,8,1,129,3,0.09162599999999976,7,0,keyboard_active,0
13.609461,8,1,129,3,0.00011199999999966792,8,1,keyboard_active,0
13.769562,8,1,129,3,0.16010100000000094,9,0,keyboard_active,0
13.769678,8,1,129,3,0.00011600000000022703,10,1,keyboard_active,0
13.873601,8,1,129,3,0.10392299999999999,11,0,keyboard_active,0
13.873713,8,1,129,3,0.00011199999999966792,12,1,keyboard_active,0
14.145565,8,1,129,3,0.2718519999999991,13,0,keyboard_active,0
14.145684,8,1,129,3,0.00011899999999975819,14,1,keyboard_active,0
14.299217,8,1,129,3,0.15353300000000125,13,0,keyboard_active,0
14.299333,8,1,129,3,0.00011600000000022703,14,1,keyboard_active,0
14.826082,8,1,129,3,0.5267489999999988,7,0,keyboard_active,0
14.826205,8,1,129,3,0.0001230000000003173,8,1,keyboard_active,0
15.010065,8,1,129,3,0.18386000000000102,7,0,keyboard_active,0
15.010185,8,1,129,3,0.00011999999999900979,8,1,keyboard_active,0
15.714357,8,1,129,3,0.7041719999999998,5,0,keyboard_active,0
15.714527,8,1,129,3,0.00017000000000066962,6,1,keyboard_active,0
15.898485,8,1,129,3,0.1839580000000005,5,0,keyboard_active,0
15.898554,8,1,129,3,6.899999999987472e-05,6,1,keyboard_active,0
16.018514,8,1,129,3,0.11995999999999896,5,0,keyboard_active,0
16.018604,8,1,129,3,9.000000000014552e-05,6,1,keyboard_active,0
16.210595,8,1,129,3,0.19199100000000158,7,0,keyboard_active,0
16.210671,8,1,129,3,7.599999999996498e-05,8,1,keyboard_active,0
16.324362,8,1,129,3,0.11369099999999932,9,0,keyboard_active,0
16.324457,8,1,129,3,9.499999999817987e-05,10,1,keyboard_active,0
16.339479,8,1,129,3,0.015022000000001867,11,0,keyboard_active,0
16.339584,8,1,129,3,0.0001049999999978013,12,1,keyboard_active,0
16.490871,8,1,129,3,0.15128699999999995,13,0,keyboard_active,0
16.490939,8,1,129,3,6.800000000239947e-05,14,1,keyboard_active,0
16.604283,8,1,129,3,0.11334399999999789,15,0,keyboard_active,0
16.604355,8,1,129,3,7.200000000295859e-05,16,1,keyboard_active,0
16.636972,8,1,129,3,0.03261699999999834,17,0,keyboard_active,0
16.637069,8,1,129,3,9.700000000023579e-05,18,1,keyboard_active,0
17.603295,8,1,129,3,0.9662259999999989,5,0,keyboard_active,0
17.603366,8,1,129,3,7.100000000193063e-05,6,1,keyboard_active,0
17.739396,8,1,129,3,0.1360299999999981,3,0,keyboard_active,0
17.739474,8,1,129,3,7.80000000020209e-05,4,1,keyboard_active,0
17.757331,8,1,129,3,0.017856999999999346,5,0,keyboard_active,0
17.75751,8,1,129,3,0.00017899999999926308,6,1,keyboard_active,0
17.771431,8,1,129,3,0.01392099999999985,7,0,keyboard_active,0
17.771694,8,1,129,3,0.0002630000000003463,8,1,keyboard_active,0
17.787483,8,1,129,3,0.015789000000001607,9,0,keyboard_active,0
17.787625,8,1,129,3,0.00014199999999675583,10,1,keyboard_active,0
17.843283,8,1,129,3,0.055658000000001095,11,0,keyboard_active,0
17.843355,8,1,129,3,7.199999999940587e-05,12,1,keyboard_active,0
17.91781,8,1,129,3,0.07445500000000038,13,0,keyboard_active,0
17.917879,8,1,129,3,6.899999999987472e-05,14,1,keyboard_active,0
17.94978,8,1,129,3,0.03190100000000129,15,0,keyboard_active,0
17.949855,8,1,129,3,7.499999999893703e-05,16,1,keyboard_active,0
18.131687,8,1,129,3,0.181832,17,0,keyboard_active,0
18.131761,8,1,129,3,7.400000000146179e-05,18,1,keyboard_active,0
18.229921,8,1,129,3,0.09816000000000003,19,0,keyboard_active,0
18.229994,8,1,129,3,7.300000000043383e-05,20,1,keyboard_active,0
18.307735,8,1,129,3,0.07774099999999962,21,0,keyboard_active,0
18.307851,8,1,129,3,0.00011599999999845068,22,1,keyboard_active,0
18.363788,8,1,129,3,0.055937000000000126,23,0,keyboard_active,0
18.363904,8,1,129,3,0.00011600000000200339,24,1,keyboard_active,0
18.411725,8,1,129,3,0.047820999999999,25,0,keyboard_active,0
18.411837,8,1,129,3,0.00011199999999789156,26,1,keyboard_active,0
18.611832,8,1,129,3,0.19999500000000126,25,0,keyboard_active,0
18.611954,8,1,129,3,0.0001220000000010657,26,1,keyboard_active,0
18.669637,8,1,129,3,0.05768300000000082,27,0,keyboard_active,0
18.669765,8,1,129,3,0.000128000000000128,28,1,keyboard_active,0
18.91608,8,1,129,3,0.24631499999999917,19,0,keyboard_active,0
18.916195,8,1,129,3,0.00011499999999742272,20,1,keyboard_active,0
18.948021,8,1,129,3,0.03182600000000235,19,0,keyboard_active,0
18.948102,8,1,129,3,8.099999999799934e-05,20,1,keyboard_active,0
19.076021,8,1,129,3,0.12791900000000211,19,0,keyboard_active,0
19.076114,8,1,129,3,9.299999999967667e-05,20,1,keyboard_active,0
19.222665,8,1,129,3,0.14655099999999877,19,0,keyboard_active,0
19.222737,8,1,129,3,7.199999999940587e-05,20,1,keyboard_active,0
21.469266,8,1,129,3,2.2465290000000024,1,0,keyboard_active,0
21.469379,8,1,129,3,0.00011299999999891952,2,1,keyboard_active,0
21.630374,8,1,129,3,0.16099499999999978,3,0,keyboard_active,0
21.630451,8,1,129,3,7.700000000099294e-05,4,1,keyboard_active,0
22.413816,8,1,129,3,0.7833649999999999,5,0,keyboard_active,0
22.413891,8,1,129,3,7.499999999893703e-05,6,1,keyboard_active,0
22.560187,8,1,129,3,0.14629599999999954,5,0,keyboard_active,0
22.560263,8,1,129,3,7.599999999996498e-05,6,1,keyboard_active,0
25.45525,8,1,129,3,2.8949870000000004,1,0,keyboard_active,0
25.455329,8,1,129,3,7.899999999949614e-05,2,1,keyboard_active,0
25.607296,8,1,129,3,0.15196700000000263,3,0,keyboard_active,0
25.607418,8,1,129,3,0.00012199999999751299,4,1,keyboard_active,0
25.959482,8,1,129,3,0.35206400000000215,5,0,keyboard_active,0
25.959595,8,1,129,3,0.00011299999999891952,6,1,keyboard_active,0
26.07956,8,1,129,3,0.11996500000000054,7,0,keyboard_active,0
26.079692,8,1,129,3,0.00013200000000068712,8,1,keyboard_active,0
26.831951,8,1,129,3,0.7522589999999987,5,0,keyboard_active,0
26.832116,8,1,129,3,0.00016499999999908255,6,1,keyboard_active,0
26.935899,8,1,129,3,0.10378299999999996,7,0,keyboard_active,0
26.936017,8,1,129,3,0.00011800000000050659,8,1,keyboard_active,0
27.167985,8,1,129,3,0.23196800000000195,5,0,keyboard_active,0
27.168134,8,1,129,3,0.0001489999999968461,6,1,keyboard_active,0
27.232005,8,1,129,3,0.06387100000000245,7,0,keyboard_active,0
27.232124,8,1,129,3,0.00011899999999798183,8,1,keyboard_active,0
27.64826,8,1,129,3,0.4161360000000016,9,0,keyboard_active,0
27.648377,8,1,129,3,0.00011699999999947863,10,1,keyboard_active,0
27.736401,8,1,129,3,0.08802400000000077,11,0,keyboard_active,0
27.736483,8,1,129,3,8.19999999990273e-05,12,1,keyboard_active,0
27.904418,8,1,129,3,0.16793499999999995,11,0,keyboard_active,0
27.904506,8,1,129,3,8.800000000164232e-05,12,1,keyboard_active,0
28.000478,8,1,129,3,0.09597199999999972,11,0,keyboard_active,0
28.000592,8,1,129,3,0.00011399999999994748,12,1,keyboard_active,0
28.40063,8,1,129,3,0.40003799999999856,9,0,keyboard_active,0
28.400713,8,1,129,3,8.300000000005525e-05,10,1,keyboard_active,0
28.504751,8,1,129,3,0.10403799999999919,11,0,keyboard_active,0
28.504845,8,1,129,3,9.400000000070463e-05,12,1,keyboard_active,0
28.664848,8,1,129,3,0.16000299999999967,11,0,keyboard_active,0
28.664923,8,1,129,3,7.500000000248974e-05,12,1,keyboard_active,0
28.776918,8,1,129,3,0.11199499999999674,11,0,keyboard_active,0
28.777016,8,1,129,3,9.800000000126374e-05,12,1,keyboard_active,0
28.928975,8,1,129,3,0.1519590000000015,11,0,keyboard_active,0
28.929057,8,1,129,3,8.19999999990273e-05,12,1,keyboard_active,0
29.049041,8,1,129,3,0.11998399999999876,11,0,keyboard_active,0
29.049125,8,1,129,3,8.400000000108321e-05,12,1,keyboard_active,0
0.0,18,2,128,6,0.0,1,0,mouse_idle,1
0.007545,18,2,128,6,0.007545,2,1,mouse_idle,1
0.007666,9,2,128,6,0.00012100000000000045,3,1,mouse_idle,1
0.013454,9,2,128,6,0.005788000000000001,4,1,mouse_idle,1
0.013595,34,2,128,6,0.00014099999999999877,5,1,mouse_idle,1
0.018437,34,2,128,6,0.004841999999999999,6,1,mouse_idle,1
0.018617,18,2,128,2,0.00018000000000000307,7,1,mouse_idle,1
0.021396,18,2,128,2,0.0027789999999999968,8,1,mouse_idle,1
0.021513,9,2,128,2,0.00011700000000000252,9,1,mouse_idle,1
0.026273,9,2,128,2,0.00476,10,1,mouse_idle,1
0.026457,34,2,128,2,0.00018400000000000014,11,1,mouse_idle,1
0.031145,34,2,128,2,0.004687999999999998,12,1,mouse_idle,1
0.031387,18,2,128,1,0.00024199999999999916,13,1,mouse_idle,1
0.031398,18,2,128,1,1.1000000000004062e-05,14,1,mouse_idle,1
0.031403,9,2,128,1,4.9999999999980616e-06,15,1,mouse_idle,1
0.031405,9,2,128,1,2.000000000002e-06,16,1,mouse_idle,1
0.031408,25,2,128,1,2.9999999999960614e-06,17,1,mouse_idle,1
0.031409,25,2,128,1,1.000000000001e-06,18,1,mouse_idle,1
0.0,18,2,128,6,0.0,1,0,mouse_active,1
0.005481,18,2,128,6,0.005481,2,1,mouse_active,1
0.005666,9,2,128,6,0.00018500000000000027,3,1,mouse_active,1
0.009635,9,2,128,6,0.0039689999999999994,4,1,mouse_active,1
0.009826,34,2,128,6,0.0001910000000000002,5,1,mouse_active,1
0.014546,34,2,128,6,0.00472,6,1,mouse_active,1
0.014757,18,2,128,2,0.00021099999999999938,7,1,mouse_active,1
0.01988,18,2,128,2,0.005122999999999999,8,1,mouse_active,1
0.020101,9,2,128,2,0.00022100000000000244,9,1,mouse_active,1
0.0259,9,2,128,2,0.005798999999999999,10,1,mouse_active,1
0.026121,34,2,128,2,0.00022099999999999898,11,1,mouse_active,1
0.030728,34,2,128,2,0.004607,12,1,mouse_active,1
0.031506,18,2,128,1,0.0007780000000000009,13,1,mouse_active,1
0.031518,18,2,128,1,1.1999999999998123e-05,14,1,mouse_active,1
0.031523,9,2,128,1,5.0000000000050004e-06,15,1,mouse_active,1
0.031525,9,2,128,1,1.9999999999950613e-06,16,1,mouse_active,1
0.031528,25,2,128,1,3.0000000000030003e-06,17,1,mouse_active,1
0.031529,25,2,128,1,1.000000000001e-06,18,1,mouse_active,1
0.313201,7,1,129,6,0.28167200000000003,19,0,mouse_active,1
0.313414,7,1,129,6,0.00021300000000001873,20,1,mouse_active,1
0.393169,7,1,129,6,0.07975499999999996,21,0,mouse_active,1
0.393344,7,1,129,6,0.00017500000000003624,22,1,mouse_active,1
0.409412,7,1,129,6,0.01606799999999997,23,0,mouse_active,1
0.409629,7,1,129,6,0.00021700000000002273,24,1,mouse_active,1
0.425471,7,1,129,6,0.015841999999999967,25,0,mouse_active,1
0.425632,7,1,129,6,0.00016100000000002224,26,1,mouse_active,1
0.44123,7,1,129,6,0.015598,27,0,mouse_active,1
0.441312,7,1,129,6,8.199999999997098e-05,28,1,mouse_active,1
0.458405,7,1,129,6,0.017093000000000025,29,0,mouse_active,1
0.458486,7,1,129,6,8.099999999999774e-05,30,1,mouse_active,1
0.473206,7,1,129,6,0.01472000000000001,31,0,mouse_active,1
0.4734,7,1,129,6,0.00019399999999997197,32,1,mouse_active,1
0.48946,7,1,129,6,0.01606000000000002,33,0,mouse_active,1
0.489548,7,1,129,6,8.799999999997699e-05,34,1,mouse_active,1
0.505776,7,1,129,6,0.01622800000000002,35,0,mouse_active,1
0.505864,7,1,129,6,8.799999999997699e-05,36,1,mouse_active,1
0.52313,7,1,129,6,0.017266000000000004,37,0,mouse_active,1
0.523216,7,1,129,6,8.60000000000305e-05,38,1,mouse_active,1
0.537471,7,1,129,6,0.014255000000000018,39,0,mouse_active,1
0.537554,7,1,129,6,8.299999999994423e-05,40,1,mouse_active,1
0.554556,7,1,129,6,0.017002000000000073,41,0,mouse_active,1
0.554622,7,1,129,6,6.599999999989947e-05,42,1,mouse_active,1
0.569188,7,1,129,6,0.014566000000000079,43,0,mouse_active,1
0.569274,7,1,129,6,8.599999999991947e-05,44,1,mouse_active,1
0.593225,7,1,129,6,0.023951000000000056,45,0,mouse_active,1
0.593297,7,1,129,6,7.199999999996098e-05,46,1,mouse_active,1
0.602457,7,1,129,6,0.009160000000000057,47,1,mouse_active,1
0.602594,7,1,129,6,0.00013699999999994272,48,1,mouse_active,1
0.618572,7,1,129,6,0.015978000000000048,49,0,mouse_active,1
0.61871,7,1,129,6,0.00013799999999997148,50,1,mouse_active,1
0.633246,7,1,129,6,0.014535999999999993,51,0,mouse_active,1
0.633399,7,1,129,6,0.00015300000000006975,52,1,mouse_active,1
0.657478,7,1,129,6,0.02407899999999996,53,0,mouse_active,1
0.657607,7,1,129,6,0.00012900000000004574,54,1,mouse_active,1
0.674763,7,1,129,6,0.01715599999999995,55,0,mouse_active,1
0.674891,7,1,129,6,0.000128000000000017,56,1,mouse_active,1
0.690701,7,1,129,6,0.01580999999999999,57,0,mouse_active,1
0.690808,7,1,129,6,0.00010699999999996823,58,1,mouse_active,1
0.706031,7,1,129,6,0.015222999999999987,59,0,mouse_active,1
0.706137,7,1,129,6,0.0001060000000000505,60,1,mouse_active,1
0.721684,7,1,129,6,0.015546999999999978,61,0,mouse_active,1
0.721793,7,1,129,6,0.00010900000000002574,62,1,mouse_active,1
0.745271,7,1,129,6,0.023478,63,0,mouse_active,1
0.745377,7,1,129,6,0.00010599999999993948,64,1,mouse_active,1
0.762552,7,1,129,6,0.01717500000000005,65,0,mouse_active,1
0.762694,7,1,129,6,0.00014199999999997548,66,1,mouse_active,1
0.778194,7,1,129,6,0.01550000000000007,67,0,mouse_active,1
0.778259,7,1,129,6,6.499999999998174e-05,68,1,mouse_active,1
0.794783,7,1,129,6,0.016523999999999983,69,0,mouse_active,1
0.794934,7,1,129,6,0.00015100000000001224,70,1,mouse_active,1
0.81025,7,1,129,6,0.015315999999999996,71,0,mouse_active,1
0.810371,7,1,129,6,0.00012099999999992672,72,1,mouse_active,1
0.825618,7,1,129,6,0.01524700000000001,73,0,mouse_active,1
0.825759,7,1,129,6,0.00014100000000005775,74,1,mouse_active,1
0.842869,7,1,129,6,0.01710999999999996,75,0,mouse_active,1
0.843039,7,1,129,6,0.00017000000000000348,76,1,mouse_active,1
0.857605,7,1,129,6,0.014565999999999968,77,0,mouse_active,1
0.857735,7,1,129,6,0.0001300000000000745,78,1,mouse_active,1
0.8733,7,1,129,6,0.01556499999999994,79,0,mouse_active,1
0.87345,7,1,129,6,0.00014999999999998348,80,1,mouse_active,1
0.889658,7,1,129,6,0.016208,81,0,mouse_active,1
0.889799,7,1,129,6,0.00014100000000005775,82,1,mouse_active,1
0.905865,7,1,129,6,0.016066000000000025,83,0,mouse_active,1
0.905983,7,1,129,6,0.00011799999999995148,84,1,mouse_active,1
0.921333,7,1,129,6,0.015349999999999975,85,0,mouse_active,1
0.921487,7,1,129,6,0.00015399999999998748,86,1,mouse_active,1
0.937396,7,1,129,6,0.015909000000000062,87,0,mouse_active,1
0.937503,7,1,129,6,0.00010699999999996823,88,1,mouse_active,1
0.954827,7,1,129,6,0.017324000000000006,89,0,mouse_active,1
0.954956,7,1,129,6,0.00012900000000004574,90,1,mouse_active,1
0.97757,7,1,129,6,0.022614000000000023,91,0,mouse_active,1
0.97772,7,1,129,6,0.00014999999999998348,92,1,mouse_active,1
0.987284,7,1,129,6,0.009564000000000017,93,1,mouse_active,1
0.987373,7,1,129,6,8.899999999989472e-05,94,1,mouse_active,1
1.001469,7,1,129,6,0.014095999999999997,94,0,mouse_active,1
1.001583,7,1,129,6,0.00011399999999994748,95,1,mouse_active,1
1.025503,7,1,129,6,0.023920000000000163,88,0,mouse_active,1
1.025637,7,1,129,6,0.00013399999999985646,89,1,mouse_active,1
1.03448,7,1,129,6,0.008843000000000156,81,1,mouse_active,1
1.034607,7,1,129,6,0.00012699999999998823,82,1,mouse_active,1
1.049754,7,1,129,6,0.015147000000000022,83,0,mouse_active,1
1.049887,7,1,129,6,0.00013299999999993872,84,1,mouse_active,1
1.067621,7,1,129,6,0.017733999999999916,85,0,mouse_active,1
1.067759,7,1,129,6,0.00013799999999997148,86,1,mouse_active,1
1.091948,7,1,129,6,0.024189000000000016,87,0,mouse_active,1
1.09214,7,1,129,6,0.00019200000000019202,88,1,mouse_active,1
1.098095,7,1,129,6,0.005954999999999933,89,1,mouse_active,1
1.098249,7,1,129,6,0.00015399999999998748,90,1,mouse_active,1
1.123143,7,1,129,6,0.02489399999999997,91,0,mouse_active,1
1.123304,7,1,129,6,0.00016100000000007775,92,1,mouse_active,1
1.139769,7,1,129,6,0.016464999999999952,93,0,mouse_active,1
1.139911,7,1,129,6,0.00014199999999986446,94,1,mouse_active,1
1.157001,7,1,129,6,0.01709000000000005,95,0,mouse_active,1
1.157068,7,1,129,6,6.700000000003925e-05,96,1,mouse_active,1
1.172401,7,1,129,6,0.015333000000000041,97,0,mouse_active,1
1.172527,7,1,129,6,0.0001260000000000705,98,1,mouse_active,1
1.185737,7,1,129,6,0.013209999999999944,99,0,mouse_active,1
1.185874,7,1,129,6,0.00013700000000005375,100,1,mouse_active,1
1.204554,7,1,129,6,0.018679999999999808,101,0,mouse_active,1
1.204689,7,1,129,6,0.00013499999999999623,102,1,mouse_active,1
1.217493,7,1,129,6,0.012804000000000038,103,0,mouse_active,1
1.217598,7,1,129,6,0.00010500000000002174,104,1,mouse_active,1
1.225598,7,1,129,6,0.008000000000000007,105,1,mouse_active,1
1.225712,7,1,129,6,0.00011399999999994748,106,1,mouse_active,1
1.243403,7,1,129,6,0.017691000000000123,107,0,mouse_active,1
1.243561,7,1,129,6,0.00015799999999988046,108,1,mouse_active,1
1.265447,7,1,129,6,0.021886000000000072,109,0,mouse_active,1
1.265559,7,1,129,6,0.00011200000000011201,110,1,mouse_active,1
1.275508,7,1,129,6,0.009948999999999986,111,1,mouse_active,1
1.27564,7,1,129,6,0.000132000000000021,112,1,mouse_active,1
1.297582,7,1,129,6,0.021941999999999906,113,0,mouse_active,1
1.297695,7,1,129,6,0.00011300000000002974,114,1,mouse_active,1
1.305968,7,1,129,6,0.008272999999999975,115,1,mouse_active,1
1.306077,7,1,129,6,0.00010899999999991472,116,1,mouse_active,1
1.329511,7,1,129,6,0.023434000000000177,115,0,mouse_active,1
1.329644,7,1,129,6,0.00013299999999993872,116,1,mouse_active,1
1.339104,7,1,129,6,0.009460000000000024,117,1,mouse_active,1
1.339175,7,1,129,6,7.099999999993223e-05,118,1,mouse_active,1
1.361676,7,1,129,6,0.022501000000000104,119,0,mouse_active,1
1.361765,7,1,129,6,8.89999999997837e-05,120,1,mouse_active,1
1.369874,7,1,129,6,0.008109000000000144,121,1,mouse_active,1
1.370001,7,1,129,6,0.00012699999999998823,122,1,mouse_active,1
1.385651,7,1,129,6,0.015649999999999942,123,0,mouse_active,1
1.385802,7,1,129,6,0.00015100000000001224,124,1,mouse_active,1
1.403009,7,1,129,6,0.017206999999999972,123,0,mouse_active,1
1.403084,7,1,129,6,7.500000000004725e-05,124,1,mouse_active,1
1.417848,7,1,129,6,0.014764,123,0,mouse_active,1
1.417935,7,1,129,6,8.699999999994823e-05,124,1,mouse_active,1
1.433811,7,1,129,6,0.015876,123,0,mouse_active,1
1.433943,7,1,129,6,0.000132000000000021,124,1,mouse_active,1
1.442994,7,1,129,6,0.009051000000000142,123,1,mouse_active,1
1.443139,7,1,129,6,0.0001449999999998397,124,1,mouse_active,1
1.468405,7,1,129,6,0.02526600000000001,123,0,mouse_active,1
1.468533,7,1,129,6,0.000128000000000128,124,1,mouse_active,1
1.481933,7,1,129,6,0.013399999999999856,123,0,mouse_active,1
1.482077,7,1,129,6,0.000144000000000144,124,1,mouse_active,1
1.497868,7,1,129,6,0.01579099999999989,123,0,mouse_active,1
1.497997,7,1,129,6,0.00012900000000004574,124,1,mouse_active,1
1.515027,7,1,129,6,0.01702999999999988,123,0,mouse_active,1
1.515163,7,1,129,6,0.000136000000000136,124,1,mouse_active,1
1.531682,7,1,129,6,0.01651899999999995,123,0,mouse_active,1
1.531809,7,1,129,6,0.00012699999999998823,124,1,mouse_active,1
1.546413,7,1,129,6,0.014604000000000061,123,0,mouse_active,1
1.546527,7,1,129,6,0.00011399999999994748,124,1,mouse_active,1
1.569624,7,1,129,6,0.023096999999999923,121,0,mouse_active,1
1.569764,7,1,129,6,0.000140000000000029,122,1,mouse_active,1
1.578064,7,1,129,6,0.008299999999999974,123,1,mouse_active,1
1.578195,7,1,129,6,0.00013100000000010326,124,1,mouse_active,1
1.593672,7,1,129,6,0.015476999999999963,123,0,mouse_active,1
1.593893,7,1,129,6,0.00022100000000002673,124,1,mouse_active,1
1.617706,7,1,129,6,0.023813000000000084,123,0,mouse_active,1
1.617832,7,1,129,6,0.00012599999999984846,124,1,mouse_active,1
1.627039,7,1,129,6,0.009206999999999965,123,1,mouse_active,1
1.627172,7,1,129,6,0.00013300000000016077,124,1,mouse_active,1
1.649959,7,1,129,6,0.02278699999999989,123,0,mouse_active,1
1.650125,7,1,129,6,0.0001660000000001105,124,1,mouse_active,1
1.659669,7,1,129,6,0.009543999999999997,123,1,mouse_active,1
1.659806,7,1,129,6,0.0001369999999998317,124,1,mouse_active,1
1.675965,7,1,129,6,0.016159000000000034,123,0,mouse_active,1
1.676172,7,1,129,6,0.00020700000000006824,124,1,mouse_active,1
1.700538,7,1,129,6,0.02436600000000011,123,0,mouse_active,1
1.700677,7,1,129,6,0.0001389999999998892,124,1,mouse_active,1
1.715647,7,1,129,6,0.014969999999999928,123,0,mouse_active,1
1.715776,7,1,129,6,0.00012900000000004574,124,1,mouse_active,1
1.730029,7,1,129,6,0.014253000000000071,123,0,mouse_active,1
1.730173,7,1,129,6,0.00014399999999992197,124,1,mouse_active,1
1.747668,7,1,129,6,0.01749500000000004,123,0,mouse_active,1
1.747815,7,1,129,6,0.0001469999999998972,124,1,mouse_active,1
1.761899,7,1,129,6,0.014084000000000207,125,0,mouse_active,1
1.762029,7,1,129,6,0.00012999999999996348,126,1,mouse_active,1
1.769739,7,1,129,6,0.007709999999999884,125,1,mouse_active,1
1.769801,7,1,129,6,6.20000000000065e-05,126,1,mouse_active,1
1.79396,7,1,129,6,0.02415900000000004,125,0,mouse_active,1
1.794076,7,1,129,6,0.00011600000000000499,126,1,mouse_active,1
1.8021,7,1,129,6,0.008024000000000031,125,1,mouse_active,1
1.802184,7,1,129,6,8.399999999997299e-05,126,1,mouse_active,1
1.817855,7,1,129,6,0.01567099999999999,125,0,mouse_active,1
1.818269,7,1,129,6,0.00041399999999991444,126,1,mouse_active,1
1.835721,7,1,129,6,0.017452000000000023,125,0,mouse_active,1
1.835811,7,1,129,6,9.000000000014552e-05,126,1,mouse_active,1
1.857789,7,1,129,6,0.02197799999999983,123,0,mouse_active,1
1.857846,7,1,129,6,5.700000000019578e-05,124,1,mouse_active,1
1.865878,7,1,129,6,0.008031999999999817,125,1,mouse_active,1
1.865945,7,1,129,6,6.700000000003925e-05,126,1,mouse_active,1
1.881899,7,1,129,6,0.015954000000000024,125,0,mouse_active,1
1.881964,7,1,129,6,6.499999999998174e-05,126,1,mouse_active,1
1.897739,7,1,129,6,0.015775000000000095,125,0,mouse_active,1
1.897821,7,1,129,6,8.199999999991547e-05,126,1,mouse_active,1
1.924007,7,1,129,6,0.026186000000000043,123,0,mouse_active,1
1.924083,7,1,129,6,7.599999999996498e-05,124,1,mouse_active,1
1.937846,7,1,129,6,0.01376299999999997,123,0,mouse_active,1
1.937908,7,1,129,6,6.20000000000065e-05,124,1,mouse_active,1
1.953902,7,1,129,6,0.015994000000000064,125,0,mouse_active,1
1.953963,7,1,129,6,6.0999999999866716e-05,126,1,mouse_active,1
1.9715,7,1,129,6,0.017537000000000136,125,0,mouse_active,1
1.971557,7,1,129,6,5.699999999997374e-05,126,1,mouse_active,1
1.985906,7,1,129,6,0.014348999999999945,125,0,mouse_active,1
1.985961,7,1,129,6,5.500000000013827e-05,126,1,mouse_active,1
2.002093,7,1,129,6,0.016131999999999813,123,0,mouse_active,1
2.002119,7,1,129,6,2.6000000000081513e-05,124,1,mouse_active,1
2.018947,7,1,129,6,0.016827999999999843,125,0,mouse_active,1
2.018966,7,1,129,6,1.8999999999991246e-05,126,1,mouse_active,1
2.038648,7,1,129,6,0.019681999999999977,123,0,mouse_active,1
2.038665,7,1,129,6,1.700000000015578e-05,124,1,mouse_active,1
2.058135,7,1,129,6,0.0194700000000001,123,0,mouse_active,1
2.058218,7,1,129,6,8.300000000005525e-05,124,1,mouse_active,1
2.06637,7,1,129,6,0.008151999999999937,125,1,mouse_active,1
2.066439,7,1,129,6,6.899999999987472e-05,126,1,mouse_active,1
2.089932,7,1,129,6,0.023493000000000208,125,0,mouse_active,1
2.089994,7,1,129,6,6.199999999978445e-05,126,1,mouse_active,1
2.099501,7,1,129,6,0.009507000000000154,123,1,mouse_active,1
2.099561,7,1,129,6,5.999999999994898e-05,124,1,mouse_active,1
2.115405,7,1,129,6,0.01584399999999997,125,0,mouse_active,1
2.115498,7,1,129,6,9.300000000012076e-05,126,1,mouse_active,1
2.138246,7,1,129,6,0.02274799999999999,125,0,mouse_active,1
2.138337,7,1,129,6,9.099999999984121e-05,126,1,mouse_active,1
2.146184,7,1,129,6,0.007846999999999937,125,1,mouse_active,1
2.146259,7,1,129,6,7.50000000002693e-05,126,1,mouse_active,1
2.170039,7,1,129,6,0.023779999999999912,125,0,mouse_active,1
2.170127,7,1,129,6,8.799999999986596e-05,126,1,mouse_active,1
2.186585,7,1,129,6,0.016458000000000084,123,0,mouse_active,1
2.186668,7,1,129,6,8.300000000005525e-05,124,1,mouse_active,1
2.201967,7,1,129,6,0.01529899999999973,125,0,mouse_active,1
2.202039,7,1,129,6,7.200000000029405e-05,126,1,mouse_active,1
2.219248,7,1,129,6,0.017208999999999808,123,0,mouse_active,1
2.219331,7,1,129,6,8.300000000005525e-05,124,1,mouse_active,1
2.235244,7,1,129,6,0.015912999999999844,123,0,mouse_active,1
2.235344,7,1,129,6,0.00010000000000021103,124,1,mouse_active,1
2.251492,7,1,129,6,0.01614799999999983,123,0,mouse_active,1
2.251589,7,1,129,6,9.700000000023579e-05,124,1,mouse_active,1
2.268111,7,1,129,6,0.016522000000000148,123,0,mouse_active,1
2.268201,7,1,129,6,8.999999999970143e-05,124,1,mouse_active,1
2.283699,7,1,129,6,0.015498000000000012,123,0,mouse_active,1
2.283781,7,1,129,6,8.199999999991547e-05,124,1,mouse_active,1
2.298268,7,1,129,6,0.01448700000000036,123,0,mouse_active,1
2.29835,7,1,129,6,8.199999999991547e-05,124,1,mouse_active,1
2.315387,7,1,129,6,0.017036999999999747,123,0,mouse_active,1
2.315473,7,1,129,6,8.60000000000305e-05,124,1,mouse_active,1
2.330098,7,1,129,6,0.01462500000000011,123,0,mouse_active,1
2.330123,7,1,129,6,2.4999999999941735e-05,124,1,mouse_active,1
2.346171,7,1,129,6,0.016048000000000062,123,0,mouse_active,1
2.346284,7,1,129,6,0.0001129999999998077,124,1,mouse_active,1
2.362241,7,1,129,6,0.01595700000000022,123,0,mouse_active,1
2.362261,7,1,129,6,2.0000000000131024e-05,124,1,mouse_active,1
2.380047,7,1,129,6,0.017785999999999635,123,0,mouse_active,1
2.380064,7,1,129,6,1.700000000015578e-05,124,1,mouse_active,1
2.394465,7,1,129,6,0.014400999999999886,123,0,mouse_active,1
2.394483,7,1,129,6,1.8000000000295557e-05,124,1,mouse_active,1
2.410066,7,1,129,6,0.015582999999999902,123,0,mouse_active,1
2.410085,7,1,129,6,1.8999999999991246e-05,124,1,mouse_active,1
2.426126,7,1,129,6,0.016040999999999972,123,0,mouse_active,1
2.426146,7,1,129,6,2.0000000000131024e-05,124,1,mouse_active,1
2.45013,7,1,129,6,0.023984000000000005,121,0,mouse_active,1
2.450148,7,1,129,6,1.7999999999851468e-05,122,1,mouse_active,1
2.459411,7,1,129,6,0.0092629999999998,123,1,mouse_active,1
2.459478,7,1,129,6,6.700000000003925e-05,124,1,mouse_active,1
2.474246,7,1,129,6,0.014768000000000114,123,0,mouse_active,1
2.474332,7,1,129,6,8.60000000000305e-05,124,1,mouse_active,1
2.490443,7,1,129,6,0.016110999999999986,123,0,mouse_active,1
2.490526,7,1,129,6,8.300000000005525e-05,124,1,mouse_active,1
2.514136,7,1,129,6,0.02361000000000013,123,0,mouse_active,1
2.514204,7,1,129,6,6.799999999973494e-05,124,1,mouse_active,1
2.530136,7,1,129,6,0.01593200000000028,123,0,mouse_active,1
2.530213,7,1,129,6,7.699999999966067e-05,124,1,mouse_active,1
2.546484,7,1,129,6,0.016271000000000146,122,0,mouse_active,1
2.546508,7,1,129,6,2.4000000000246047e-05,123,1,mouse_active,1
2.556019,7,1,129,6,0.009510999999999825,123,1,mouse_active,1
2.556035,7,1,129,6,1.6000000000016e-05,124,1,mouse_active,1
2.578269,7,1,129,6,0.022234000000000087,121,0,mouse_active,1
2.5783,7,1,129,6,3.0999999999892225e-05,122,1,mouse_active,1
2.594191,7,1,129,6,0.015890999999999877,121,0,mouse_active,1
2.594211,7,1,129,6,2.0000000000131024e-05,122,1,mouse_active,1
2.610316,7,1,129,6,0.016105000000000036,123,0,mouse_active,1
2.610342,7,1,129,6,2.6000000000081513e-05,124,1,mouse_active,1
2.627496,7,1,129,6,0.01715399999999967,121,0,mouse_active,1
2.627525,7,1,129,6,2.9000000000056758e-05,122,1,mouse_active,1
2.642252,7,1,129,6,0.014727000000000157,123,0,mouse_active,1
2.642277,7,1,129,6,2.4999999999941735e-05,124,1,mouse_active,1
2.659613,7,1,129,6,0.017335999999999796,123,0,mouse_active,1
2.659671,7,1,129,6,5.8000000000113516e-05,123,1,mouse_active,1
2.68412,7,1,129,6,0.024449000000000165,121,0,mouse_active,1
2.684207,7,1,129,6,8.699999999972619e-05,122,1,mouse_active,1
2.69999,7,1,129,6,0.015783000000000325,123,0,mouse_active,1
2.700018,7,1,129,6,2.799999999991698e-05,124,1,mouse_active,1
2.715776,7,1,129,6,0.01575799999999994,121,0,mouse_active,1
2.715833,7,1,129,6,5.699999999997374e-05,122,1,mouse_active,1
2.73025,7,1,129,6,0.014416999999999902,121,0,mouse_active,1
2.730411,7,1,129,6,0.0001610000000002998,122,1,mouse_active,1
2.757416,7,1,129,6,0.027004999999999946,121,0,mouse_active,1
2.757473,7,1,129,6,5.699999999997374e-05,122,1,mouse_active,1
2.770323,7,1,129,6,0.012849999999999806,119,0,mouse_active,1
2.770386,7,1,129,6,6.299999999992423e-05,120,1,mouse_active,1
2.788175,7,1,129,6,0.017789000000000055,121,0,mouse_active,1
2.788253,7,1,129,6,7.800000000024454e-05,122,1,mouse_active,1
2.803962,7,1,129,6,0.01570899999999975,119,0,mouse_active,1
2.804023,7,1,129,6,6.100000000008876e-05,120,1,mouse_active,1
2.930361,7,1,129,6,0.12633800000000006,107,0,mouse_active,1
2.930447,7,1,129,6,8.60000000000305e-05,108,1,mouse_active,1
3.074507,7,1,129,6,0.14406000000000008,91,0,mouse_active,1
3.074631,7,1,129,6,0.000124000000000013,92,1,mouse_active,1
3.09846,7,1,129,6,0.0238290000000001,91,0,mouse_active,1
3.09856,7,1,129,6,9.999999999976694e-05,92,1,mouse_active,1
3.107083,7,1,129,6,0.008522999999999836,91,1,mouse_active,1
3.107199,7,1,129,6,0.00011600000000022703,92,1,mouse_active,1
3.131729,7,1,129,6,0.02452999999999994,91,0,mouse_active,1
3.131869,7,1,129,6,0.000140000000000029,92,1,mouse_active,1
3.148401,7,1,129,6,0.01653199999999977,89,0,mouse_active,1
3.148568,7,1,129,6,0.00016700000000025028,90,1,mouse_active,1
3.162578,7,1,129,6,0.014009999999999856,91,0,mouse_active,1
3.162708,7,1,129,6,0.00012999999999996348,92,1,mouse_active,1
3.178929,7,1,129,6,0.016221000000000263,91,0,mouse_active,1
3.179065,7,1,129,6,0.00013599999999991397,92,1,mouse_active,1
3.196327,7,1,129,6,0.01726200000000011,91,0,mouse_active,1
3.196467,7,1,129,6,0.000140000000000029,92,1,mouse_active,1
3.212393,7,1,129,6,0.015925999999999885,91,0,mouse_active,1
3.212519,7,1,129,6,0.00012599999999984846,92,1,mouse_active,1
3.226539,7,1,129,6,0.014019999999999921,91,0,mouse_active,1
3.226649,7,1,129,6,0.00011000000000027654,92,1,mouse_active,1
3.242819,7,1,129,6,0.016169999999999796,91,0,mouse_active,1
3.242949,7,1,129,6,0.00012999999999996348,92,1,mouse_active,1
3.2668,7,1,129,6,0.023851000000000067,91,0,mouse_active,1
3.266927,7,1,129,6,0.00012699999999998823,92,1,mouse_active,1
3.276148,7,1,129,6,0.009221000000000146,91,1,mouse_active,1
3.276257,7,1,129,6,0.00010900000000013677,92,1,mouse_active,1
3.29055,7,1,129,6,0.014292999999999889,91,0,mouse_active,1
3.290682,7,1,129,6,0.00013199999999979894,92,1,mouse_active,1
3.308386,7,1,129,6,0.017704000000000164,91,0,mouse_active,1
3.308489,7,1,129,6,0.00010299999999974219,92,1,mouse_active,1
3.330568,7,1,129,6,0.022079000000000182,89,0,mouse_active,1
3.33064,7,1,129,6,7.199999999984996e-05,90,1,mouse_active,1
3.339456,7,1,129,6,0.008816000000000379,91,1,mouse_active,1
3.339608,7,1,129,6,0.00015199999999992997,92,1,mouse_active,1
3.356798,7,1,129,6,0.017189999999999817,91,0,mouse_active,1
3.356995,7,1,129,6,0.00019700000000000273,92,1,mouse_active,1
3.372043,7,1,129,6,0.015048000000000172,91,0,mouse_active,1
3.372184,7,1,129,6,0.00014099999999972468,92,1,mouse_active,1
3.389423,7,1,129,6,0.017239000000000004,91,0,mouse_active,1
3.38953,7,1,129,6,0.0001070000000003013,92,1,mouse_active,1
3.40732,7,1,129,6,0.01778999999999975,91,0,mouse_active,1
3.407427,7,1,129,6,0.0001070000000003013,92,1,mouse_active,1
3.426583,7,1,129,6,0.01915599999999973,89,0,mouse_active,1
3.426693,7,1,129,6,0.00011000000000027654,90,1,mouse_active,1
3.434601,7,1,129,6,0.007907999999999582,91,1,mouse_active,1
3.43468,7,1,129,6,7.900000000038432e-05,92,1,mouse_active,1
3.450902,7,1,129,6,0.01622199999999996,91,0,mouse_active,1
3.45105,7,1,129,6,0.00014799999999981495,92,1,mouse_active,1
3.468584,7,1,129,6,0.01753399999999994,91,0,mouse_active,1
3.468732,7,1,129,6,0.00014800000000025904,92,1,mouse_active,1
3.4933,7,1,129,6,0.024567999999999923,89,0,mouse_active,1
3.493469,7,1,129,6,0.00016900000000008575,90,1,mouse_active,1
3.500353,7,1,129,6,0.00688399999999989,91,1,mouse_active,1
3.500521,7,1,129,6,0.00016799999999994597,92,1,mouse_active,1
3.524734,7,1,129,6,0.02421300000000004,91,0,mouse_active,1
3.524874,7,1,129,6,0.000140000000000029,92,1,mouse_active,1
3.540443,7,1,129,6,0.015568999999999722,91,0,mouse_active,1
3.54057,7,1,129,6,0.00012700000000043232,92,1,mouse_active,1
3.557943,7,1,129,6,0.01737299999999964,89,0,mouse_active,1
3.558069,7,1,129,6,0.00012600000000029254,90,1,mouse_active,1
3.571451,7,1,129,6,0.013382000000000005,91,0,mouse_active,1
3.571581,7,1,129,6,0.00012999999999996348,92,1,mouse_active,1
3.586953,7,1,129,6,0.01537199999999972,91,0,mouse_active,1
3.587081,7,1,129,6,0.000128000000000128,92,1,mouse_active,1
3.60283,7,1,129,6,0.015749000000000013,91,0,mouse_active,1
3.602938,7,1,129,6,0.00010799999999999699,92,1,mouse_active,1
3.619054,7,1,129,6,0.01611600000000024,91,0,mouse_active,1
3.61929,7,1,129,6,0.0002359999999996809,92,1,mouse_active,1
3.627192,7,1,129,6,0.007902000000000076,93,1,mouse_active,1
3.627296,7,1,129,6,0.00010399999999988196,94,1,mouse_active,1
3.650798,7,1,129,6,0.023502000000000134,91,0,mouse_active,1
3.650962,7,1,129,6,0.00016399999999983095,92,1,mouse_active,1
3.66666,7,1,129,6,0.01569799999999999,91,0,mouse_active,1
3.666857,7,1,129,6,0.00019700000000000273,92,1,mouse_active,1
3.684305,7,1,129,6,0.017448000000000352,91,0,mouse_active,1
3.684437,7,1,129,6,0.00013199999999979894,92,1,mouse_active,1
3.738744,7,1,129,6,0.054307000000000105,87,0,mouse_active,1
3.738853,7,1,129,6,0.00010900000000013677,88,1,mouse_active,1
3.907225,7,1,129,6,0.16837199999999974,81,0,mouse_active,1
3.907352,7,1,129,6,0.00012699999999998823,82,1,mouse_active,1
4.051027,7,1,129,6,0.14367500000000044,81,0,mouse_active,1
4.051157,7,1,129,6,0.0001299999999995194,82,1,mouse_active,1
4.066908,7,1,129,6,0.01575099999999985,83,0,mouse_active,1
4.067029,7,1,129,6,0.00012100000000003774,84,1,mouse_active,1
4.0831,7,1,129,6,0.01607100000000017,83,0,mouse_active,1
4.083252,7,1,129,6,0.00015199999999992997,84,1,mouse_active,1
4.099211,7,1,129,6,0.0159590000000005,83,0,mouse_active,1
4.09932,7,1,129,6,0.00010899999999924859,84,1,mouse_active,1
4.116294,7,1,129,6,0.016974000000000267,83,0,mouse_active,1
4.116433,7,1,129,6,0.0001389999999998892,84,1,mouse_active,1
4.130959,7,1,129,6,0.014526000000000039,85,0,mouse_active,1
4.131023,7,1,129,6,6.4000000000064e-05,86,1,mouse_active,1
4.149201,7,1,129,6,0.018177999999999805,83,0,mouse_active,1
4.149337,7,1,129,6,0.00013600000000035806,84,1,mouse_active,1
4.16294,7,1,129,6,0.01360299999999981,83,0,mouse_active,1
4.163083,7,1,129,6,0.00014300000000044832,84,1,mouse_active,1
4.179034,7,1,129,6,0.015950999999999382,84,0,mouse_active,1
4.179158,7,1,129,6,0.00012400000000045708,84,1,mouse_active,1
4.197324,7,1,129,6,0.018165999999999904,83,0,mouse_active,1
4.197461,7,1,129,6,0.00013699999999960966,84,1,mouse_active,1
4.221229,7,1,129,6,0.023768000000000455,83,0,mouse_active,1
4.221362,7,1,129,6,0.00013299999999993872,84,1,mouse_active,1
4.235032,7,1,129,6,0.013670000000000293,83,0,mouse_active,1
4.235095,7,1,129,6,6.299999999992423e-05,84,1,mouse_active,1
4.243076,7,1,129,6,0.007981000000000016,83,1,mouse_active,1
4.243195,7,1,129,6,0.00011899999999975819,84,1,mouse_active,1
4.261041,7,1,129,6,0.017845999999999584,85,0,mouse_active,1
4.26113,7,1,129,6,8.900000000000574e-05,86,1,mouse_active,1
4.277159,7,1,129,6,0.016029000000000515,83,0,mouse_active,1
4.277285,7,1,129,6,0.00012599999999984846,84,1,mouse_active,1
4.291155,7,1,129,6,0.013869999999999827,83,0,mouse_active,1
4.291214,7,1,129,6,5.9000000000253294e-05,84,1,mouse_active,1
4.307059,7,1,129,6,0.015844999999999665,85,0,mouse_active,1
4.307189,7,1,129,6,0.00013000000000040757,86,1,mouse_active,1
4.323581,7,1,129,6,0.01639199999999974,85,0,mouse_active,1
4.32369,7,1,129,6,0.00010900000000013677,86,1,mouse_active,1
4.338996,7,1,129,6,0.01530599999999982,85,0,mouse_active,1
4.339058,7,1,129,6,6.199999999978445e-05,86,1,mouse_active,1
4.363266,7,1,129,6,0.024208000000000673,83,0,mouse_active,1
4.363418,7,1,129,6,0.00015199999999992997,84,1,mouse_active,1
4.371311,7,1,129,6,0.00789300000000015,85,1,mouse_active,1
4.371394,7,1,129,6,8.299999999916707e-05,86,1,mouse_active,1
4.387619,7,1,129,6,0.016225000000000378,85,0,mouse_active,1
4.387636,7,1,129,6,1.699999999971169e-05,86,1,mouse_active,1
4.413727,7,1,129,6,0.026091000000000086,83,0,mouse_active,1
4.413852,7,1,129,6,0.00012500000000059686,84,1,mouse_active,1
4.427297,7,1,129,6,0.01344499999999993,83,0,mouse_active,1
4.427381,7,1,129,6,8.399999999930685e-05,84,1,mouse_active,1
4.444427,7,1,129,6,0.01704600000000056,83,0,mouse_active,1
4.444526,7,1,129,6,9.899999999962716e-05,84,1,mouse_active,1
4.459252,7,1,129,6,0.014726000000000461,83,0,mouse_active,1
4.459335,7,1,129,6,8.300000000005525e-05,84,1,mouse_active,1
4.476662,7,1,129,6,0.01732699999999987,83,0,mouse_active,1
4.476716,7,1,129,6,5.3999999999554404e-05,84,1,mouse_active,1
4.499157,7,1,129,6,0.0224410000000006,83,0,mouse_active,1
4.49918,7,1,129,6,2.299999999966218e-05,84,1,mouse_active,1
4.516543,7,1,129,6,0.01736300000000046,83,0,mouse_active,1
4.516558,7,1,129,6,1.4999999999432134e-05,84,1,mouse_active,1
4.531179,7,1,129,6,0.014620999999999995,83,0,mouse_active,1
4.531245,7,1,129,6,6.600000000034356e-05,84,1,mouse_active,1
4.56311,7,1,129,6,0.03186499999999981,81,0,mouse_active,1
4.56317,7,1,129,6,6.000000000039307e-05,82,1,mouse_active,1
4.595298,7,1,129,6,0.03212799999999927,79,0,mouse_active,1
4.595379,7,1,129,6,8.100000000066387e-05,80,1,mouse_active,1
4.605454,7,1,129,6,0.010074999999999612,79,0,mouse_active,1
4.605561,7,1,129,6,0.00010699999999985721,80,1,mouse_active,1
4.629936,7,1,129,6,0.024375000000000036,77,0,mouse_active,1
4.63001,7,1,129,6,7.400000000057361e-05,78,1,mouse_active,1
4.635158,7,1,129,6,0.005147999999999264,79,1,mouse_active,1
4.635228,7,1,129,6,7.00000000000145e-05,80,1,mouse_active,1
4.691151,7,1,129,6,0.055922999999999945,75,0,mouse_active,1
4.69123,7,1,129,6,7.900000000038432e-05,76,1,mouse_active,1
4.755242,7,1,129,6,0.06401199999999996,75,0,mouse_active,1
4.755341,7,1,129,6,9.899999999962716e-05,76,1,mouse_active,1
4.781998,7,1,129,6,0.026657000000000153,77,0,mouse_active,1
4.782077,7,1,129,6,7.900000000038432e-05,78,1,mouse_active,1
4.811341,7,1,129,6,0.029263999999999513,79,0,mouse_active,1
4.811469,7,1,129,6,0.000128000000000128,80,1,mouse_active,1
4.820301,7,1,129,6,0.008831999999999951,81,1,mouse_active,1
4.820427,7,1,129,6,0.00012599999999984846,82,1,mouse_active,1
4.836767,7,1,129,6,0.016340000000000465,83,0,mouse_active,1
4.836822,7,1,129,6,5.499999999969418e-05,84,1,mouse_active,1
4.899406,7,1,129,6,0.0625840000000002,85,0,mouse_active,1
4.899521,7,1,129,6,0.00011500000000008725,86,1,mouse_active,1
4.958893,7,1,129,6,0.05937199999999976,85,0,mouse_active,1
4.958971,7,1,129,6,7.800000000024454e-05,86,1,mouse_active,1
4.973097,7,1,129,6,0.014126000000000083,87,0,mouse_active,1
4.973249,7,1,129,6,0.00015199999999992997,88,1,mouse_active,1
4.989756,7,1,129,6,0.016506999999999827,89,0,mouse_active,1
4.9899,7,1,129,6,0.00014399999999969992,90,1,mouse_active,1
5.011664,7,1,129,6,0.021764000000000117,91,0,mouse_active,1
5.01174,7,1,129,6,7.599999999996498e-05,92,1,mouse_active,1
5.035551,7,1,129,6,0.02381100000000025,93,0,mouse_active,1
5.035609,7,1,129,6,5.8000000000113516e-05,94,1,mouse_active,1
5.06269,7,1,129,6,0.02708099999999991,93,0,mouse_active,1
5.062811,7,1,129,6,0.00012100000000003774,94,1,mouse_active,1
5.075487,7,1,129,6,0.01267599999999991,93,0,mouse_active,1
5.07562,7,1,129,6,0.00013299999999993872,94,1,mouse_active,1
5.092967,7,1,129,6,0.017347,93,0,mouse_active,1
5.093043,7,1,129,6,7.599999999996498e-05,94,1,mouse_active,1
5.107432,7,1,129,6,0.01438900000000043,93,0,mouse_active,1
5.10751,7,1,129,6,7.800000000024454e-05,94,1,mouse_active,1
5.123602,7,1,129,6,0.01609199999999955,93,0,mouse_active,1
5.123677,7,1,129,6,7.49999999998252e-05,94,1,mouse_active,1
5.187501,7,1,129,6,0.06382400000000032,87,0,mouse_active,1
5.187565,7,1,129,6,6.4000000000064e-05,88,1,mouse_active,1
5.243905,7,1,129,6,0.05633999999999961,81,0,mouse_active,1
5.243974,7,1,129,6,6.899999999987472e-05,82,1,mouse_active,1
5.262541,7,1,129,6,0.018567,81,0,mouse_active,1
5.262606,7,1,129,6,6.500000000020378e-05,82,1,mouse_active,1
5.278602,7,1,129,6,0.015996000000000343,81,0,mouse_active,1
5.278622,7,1,129,6,2.0000000000131024e-05,82,1,mouse_active,1
5.292981,7,1,129,6,0.014358999999999789,81,0,mouse_active,1
5.29307,7,1,129,6,8.900000000000574e-05,82,1,mouse_active,1
5.309168,7,1,129,6,0.0160979999999995,81,0,mouse_active,1
5.309189,7,1,129,6,2.1000000000270802e-05,82,1,mouse_active,1
5.323607,7,1,129,6,0.014418000000000042,82,0,mouse_active,1
5.323692,7,1,129,6,8.500000000033481e-05,82,1,mouse_active,1
5.341703,7,1,129,6,0.018010999999999555,81,0,mouse_active,1
5.341796,7,1,129,6,9.300000000056485e-05,82,1,mouse_active,1
5.357393,7,1,129,6,0.015596999999999639,83,0,mouse_active,1
5.35748,7,1,129,6,8.699999999972619e-05,84,1,mouse_active,1
5.395529,7,1,129,6,0.038049,79,0,mouse_active,1
5.395541,7,1,129,6,1.1999999999900979e-05,80,1,mouse_active,1
5.412694,7,1,129,6,0.017153000000000418,81,0,mouse_active,1
5.41278,7,1,129,6,8.599999999958641e-05,82,1,mouse_active,1
5.429328,7,1,129,6,0.01654800000000023,79,0,mouse_active,1
5.429461,7,1,129,6,0.00013299999999993872,80,1,mouse_active,1
5.444775,7,1,129,6,0.01531400000000005,79,0,mouse_active,1
5.444862,7,1,129,6,8.699999999972619e-05,80,1,mouse_active,1
5.588004,7,1,129,6,0.1431420000000001,69,0,mouse_active,1
5.588096,7,1,129,6,9.200000000042508e-05,70,1,mouse_active,1
5.723709,7,1,129,6,0.1356130000000002,61,0,mouse_active,1
5.723811,7,1,129,6,0.0001020000000000465,62,1,mouse_active,1
5.73971,7,1,129,6,0.01589899999999922,63,0,mouse_active,1
5.73977,7,1,129,6,6.000000000039307e-05,64,1,mouse_active,1
5.749005,7,1,129,6,0.009235000000000326,65,1,mouse_active,1
5.749025,7,1,129,6,1.9999999999242846e-05,66,1,mouse_active,1
5.820086,7,1,129,6,0.07106100000000026,61,0,mouse_active,1
5.820173,7,1,129,6,8.699999999972619e-05,62,1,mouse_active,1
5.868137,7,1,129,6,0.04796400000000034,59,0,mouse_active,1
5.868225,7,1,129,6,8.799999999986596e-05,60,1,mouse_active,1
5.884881,7,1,129,6,0.016656000000000226,61,0,mouse_active,1
5.884974,7,1,129,6,9.299999999967667e-05,62,1,mouse_active,1
5.899719,7,1,129,6,0.014745000000000452,61,0,mouse_active,1
5.89973,7,1,129,6,1.09999999997612e-05,62,1,mouse_active,1
5.91574,7,1,129,6,0.016010000000000524,63,0,mouse_active,1
5.915748,7,1,129,6,7.999999999341867e-06,64,1,mouse_active,1
5.932059,7,1,129,6,0.016310999999999964,65,0,mouse_active,1
5.932116,7,1,129,6,5.699999999997374e-05,66,1,mouse_active,1
5.950037,7,1,129,6,0.017921000000000298,67,0,mouse_active,1
5.950163,7,1,129,6,0.00012599999999984846,68,1,mouse_active,1
5.965964,7,1,129,6,0.015800999999999732,67,0,mouse_active,1
5.966093,7,1,129,6,0.0001290000000002678,68,1,mouse_active,1
5.979838,7,1,129,6,0.013745000000000118,67,0,mouse_active,1
5.979944,7,1,129,6,0.00010599999999971743,68,1,mouse_active,1
6.07617,7,1,129,6,0.09622600000000059,59,0,mouse_active,1
6.076249,7,1,129,6,7.899999999949614e-05,60,1,mouse_active,1
6.099951,7,1,129,6,0.023702000000000112,59,0,mouse_active,1
6.100011,7,1,129,6,6.000000000039307e-05,60,1,mouse_active,1
6.108297,7,1,129,6,0.008286000000000016,59,1,mouse_active,1
6.108407,7,1,129,6,0.00010999999999938836,60,1,mouse_active,1
6.131825,7,1,129,6,0.023418000000000383,59,0,mouse_active,1
6.131928,7,1,129,6,0.00010300000000018628,60,1,mouse_active,1
6.140449,7,1,129,6,0.008521,61,1,mouse_active,1
6.140555,7,1,129,6,0.00010599999999971743,62,1,mouse_active,1
6.16652,7,1,129,6,0.025965000000000238,63,0,mouse_active,1
6.166692,7,1,129,6,0.000172000000000061,64,1,mouse_active,1
6.179929,7,1,129,6,0.013236999999999277,65,0,mouse_active,1
6.180049,7,1,129,6,0.00012000000000078614,66,1,mouse_active,1
6.189105,7,1,129,6,0.009055999999999287,65,1,mouse_active,1
6.189311,7,1,129,6,0.00020600000000037255,66,1,mouse_active,1
6.211987,7,1,129,6,0.022675999999999696,67,0,mouse_active,1
6.212109,7,1,129,6,0.00012200000000017752,68,1,mouse_active,1
6.22808,7,1,129,6,0.0159710000000004,69,0,mouse_active,1
6.228191,7,1,129,6,0.00011099999999952814,70,1,mouse_active,1
6.238137,7,1,129,6,0.009946000000000232,71,1,mouse_active,1
6.238263,7,1,129,6,0.00012599999999984846,72,1,mouse_active,1
6.254559,7,1,129,6,0.016296000000000532,71,0,mouse_active,1
6.254671,7,1,129,6,0.00011199999999966792,72,1,mouse_active,1
6.268925,7,1,129,6,0.014254000000000211,71,0,mouse_active,1
6.269011,7,1,129,6,8.599999999958641e-05,72,1,mouse_active,1
6.286197,7,1,129,6,0.0171859999999997,71,0,mouse_active,1
6.28627,7,1,129,6,7.300000000043383e-05,72,1,mouse_active,1
6.309745,7,1,129,6,0.023475000000000357,69,0,mouse_active,1
6.309833,7,1,129,6,8.799999999986596e-05,70,1,mouse_active,1
6.32566,7,1,129,6,0.015826999999999813,69,0,mouse_active,1
6.325733,7,1,129,6,7.299999999954565e-05,70,1,mouse_active,1
6.348111,7,1,129,6,0.022378000000000675,69,0,mouse_active,1
6.348195,7,1,129,6,8.399999999930685e-05,70,1,mouse_active,1
6.358411,7,1,129,6,0.010216000000000669,69,0,mouse_active,1
6.358482,7,1,129,6,7.100000000015427e-05,70,1,mouse_active,1
6.382235,7,1,129,6,0.023752999999999247,71,0,mouse_active,1
6.3823,7,1,129,6,6.500000000020378e-05,72,1,mouse_active,1
6.398195,7,1,129,6,0.015895000000000437,71,0,mouse_active,1
6.398281,7,1,129,6,8.599999999958641e-05,72,1,mouse_active,1
6.414204,7,1,129,6,0.01592299999999991,71,0,mouse_active,1
6.414409,7,1,129,6,0.00020500000000023277,72,1,mouse_active,1
6.428168,7,1,129,6,0.013759000000000299,73,0,mouse_active,1
6.428311,7,1,129,6,0.00014299999999956015,74,1,mouse_active,1
6.446393,7,1,129,6,0.01808199999999971,71,0,mouse_active,1
6.446498,7,1,129,6,0.00010500000000046583,72,1,mouse_active,1
6.460377,7,1,129,6,0.013879000000000197,73,0,mouse_active,1
6.460461,7,1,129,6,8.399999999930685e-05,74,1,mouse_active,1
6.524402,7,1,129,6,0.06394100000000069,75,0,mouse_active,1
6.524486,7,1,129,6,8.399999999930685e-05,76,1,mouse_active,1
6.5811,7,1,129,6,0.05661400000000061,77,0,mouse_active,1
6.58125,7,1,129,6,0.0001499999999996504,78,1,mouse_active,1
6.596712,7,1,129,6,0.015462000000000309,77,0,mouse_active,1
6.596796,7,1,129,6,8.400000000019503e-05,78,1,mouse_active,1
6.613684,7,1,129,6,0.016887999999999792,79,0,mouse_active,1
6.613752,7,1,129,6,6.799999999973494e-05,80,1,mouse_active,1
6.630134,7,1,129,6,0.01638200000000012,81,0,mouse_active,1
6.630311,7,1,129,6,0.0001769999999998717,82,1,mouse_active,1
6.644235,7,1,129,6,0.01392400000000027,83,0,mouse_active,1
6.644358,7,1,129,6,0.0001230000000003173,84,1,mouse_active,1
6.668458,7,1,129,6,0.024099999999999788,85,0,mouse_active,1
6.668587,7,1,129,6,0.0001289999999993796,86,1,mouse_active,1
6.676234,7,1,129,6,0.0076470000000004035,87,1,mouse_active,1
6.67636,7,1,129,6,0.00012599999999984846,88,1,mouse_active,1
6.692271,7,1,129,6,0.01591100000000001,89,0,mouse_active,1
6.692416,7,1,129,6,0.0001449999999998397,90,1,mouse_active,1
6.709579,7,1,129,6,0.01716300000000004,91,0,mouse_active,1
6.709642,7,1,129,6,6.299999999992423e-05,92,1,mouse_active,1
6.732383,7,1,129,6,0.0227409999999999,91,0,mouse_active,1
6.732588,7,1,129,6,0.00020500000000023277,92,1,mouse_active,1
6.750878,7,1,129,6,0.01829000000000036,89,0,mouse_active,1
6.751059,7,1,129,6,0.00018099999999954264,90,1,mouse_active,1
6.765921,7,1,129,6,0.01486199999999993,91,0,mouse_active,1
6.766048,7,1,129,6,0.00012699999999998823,92,1,mouse_active,1
6.782212,7,1,129,6,0.016164000000000733,93,0,mouse_active,1
6.782294,7,1,129,6,8.199999999991547e-05,94,1,mouse_active,1
6.798257,7,1,129,6,0.01596300000000017,95,0,mouse_active,1
6.798316,7,1,129,6,5.8999999999365116e-05,96,1,mouse_active,1
6.812285,7,1,129,6,0.013969000000000342,97,0,mouse_active,1
6.812349,7,1,129,6,6.4000000000064e-05,98,1,mouse_active,1
6.83119,7,1,129,6,0.018841000000000108,97,0,mouse_active,1
6.831267,7,1,129,6,7.700000000010476e-05,98,1,mouse_active,1
6.844324,7,1,129,6,0.013056999999999874,99,0,mouse_active,1
6.8444,7,1,129,6,7.599999999996498e-05,100,1,mouse_active,1
6.853418,7,1,129,6,0.009017999999999304,101,1,mouse_active,1
6.853506,7,1,129,6,8.800000000075414e-05,102,1,mouse_active,1
6.869593,7,1,129,6,0.01608699999999974,101,0,mouse_active,1
6.869683,7,1,129,6,9.000000000014552e-05,102,1,mouse_active,1
6.892379,7,1,129,6,0.022695999999999827,101,0,mouse_active,1
6.892466,7,1,129,6,8.699999999972619e-05,102,1,mouse_active,1
6.908495,7,1,129,6,0.016029000000000515,101,0,mouse_active,1
6.908583,7,1,129,6,8.799999999986596e-05,102,1,mouse_active,1
6.91773,7,1,129,6,0.009146999999999572,101,1,mouse_active,1
6.917803,7,1,129,6,7.300000000043383e-05,102,1,mouse_active,1
6.933373,7,1,129,6,0.015569999999999418,101,0,mouse_active,1
6.933455,7,1,129,6,8.200000000080365e-05,102,1,mouse_active,1
6.956672,7,1,129,6,0.02321699999999982,101,0,mouse_active,1
6.956757,7,1,129,6,8.499999999944663e-05,102,1,mouse_active,1
6.965696,7,1,129,6,0.008939000000000696,103,1,mouse_active,1
6.965757,7,1,129,6,6.099999999964467e-05,104,1,mouse_active,1
6.988351,7,1,129,6,0.02259399999999978,101,0,mouse_active,1
6.988423,7,1,129,6,7.200000000029405e-05,102,1,mouse_active,1
7.004662,7,1,129,6,0.01623899999999967,103,0,mouse_active,1
7.00472,7,1,129,6,5.8000000000113516e-05,104,1,mouse_active,1
7.022935,7,1,129,6,0.018215000000000536,105,0,mouse_active,1
7.022998,7,1,129,6,6.299999999992423e-05,106,1,mouse_active,1
7.036315,7,1,129,6,0.013316999999999801,107,0,mouse_active,1
7.036336,7,1,129,6,2.1000000000270802e-05,108,1,mouse_active,1
7.052311,7,1,129,6,0.015975000000000072,109,0,mouse_active,1
7.052462,7,1,129,6,0.0001509999999997902,110,1,mouse_active,1
7.068337,7,1,129,6,0.015874999999999417,111,0,mouse_active,1
7.068436,7,1,129,6,9.900000000051534e-05,112,1,mouse_active,1
7.084412,7,1,129,6,0.015976000000000212,111,0,mouse_active,1
7.084488,7,1,129,6,7.599999999996498e-05,112,1,mouse_active,1
7.10047,7,1,129,6,0.015981999999999275,111,0,mouse_active,1
7.100537,7,1,129,6,6.700000000048334e-05,112,1,mouse_active,1
7.117904,7,1,129,6,0.017367000000000132,111,0,mouse_active,1
7.117998,7,1,129,6,9.399999999981645e-05,112,1,mouse_active,1
7.132503,7,1,129,6,0.014504999999999768,111,0,mouse_active,1
7.132579,7,1,129,6,7.599999999996498e-05,112,1,mouse_active,1
7.149349,7,1,129,6,0.016770000000000174,111,0,mouse_active,1
7.149417,7,1,129,6,6.799999999973494e-05,112,1,mouse_active,1
7.164561,7,1,129,6,0.015144000000000268,113,0,mouse_active,1
7.164657,7,1,129,6,9.600000000009601e-05,114,1,mouse_active,1
7.183437,7,1,129,6,0.018779999999999575,111,0,mouse_active,1
7.183554,7,1,129,6,0.00011700000000036681,112,1,mouse_active,1
7.196574,7,1,129,6,0.013020000000000032,111,0,mouse_active,1
7.196642,7,1,129,6,6.799999999973494e-05,112,1,mouse_active,1
7.212431,7,1,129,6,0.01578899999999983,111,0,mouse_active,1
7.212495,7,1,129,6,6.4000000000064e-05,112,1,mouse_active,1
7.228519,7,1,129,6,0.016024000000000704,111,0,mouse_active,1
7.228586,7,1,129,6,6.699999999959516e-05,112,1,mouse_active,1
7.237911,7,1,129,6,0.009325000000000472,113,1,mouse_active,1
7.237993,7,1,129,6,8.199999999991547e-05,114,1,mouse_active,1
7.252541,7,1,129,6,0.014547999999999561,113,0,mouse_active,1
7.252605,7,1,129,6,6.4000000000064e-05,114,1,mouse_active,1
7.276838,7,1,129,6,0.024232999999999727,111,0,mouse_active,1
7.276927,7,1,129,6,8.900000000000574e-05,112,1,mouse_active,1
7.28471,7,1,129,6,0.007782999999999873,113,1,mouse_active,1
7.284802,7,1,129,6,9.200000000042508e-05,114,1,mouse_active,1
7.301873,7,1,129,6,0.017070999999999614,113,0,mouse_active,1
7.301951,7,1,129,6,7.800000000024454e-05,114,1,mouse_active,1
7.324563,7,1,129,6,0.02261200000000052,113,0,mouse_active,1
7.324628,7,1,129,6,6.49999999993156e-05,114,1,mouse_active,1
7.342234,7,1,129,6,0.017606000000000677,113,0,mouse_active,1
7.342296,7,1,129,6,6.199999999978445e-05,114,1,mouse_active,1
7.357227,7,1,129,6,0.014930999999999806,113,0,mouse_active,1
7.35731,7,1,129,6,8.300000000005525e-05,114,1,mouse_active,1
7.380763,7,1,129,6,0.023452999999999946,113,0,mouse_active,1
7.380845,7,1,129,6,8.199999999991547e-05,114,1,mouse_active,1
7.396724,7,1,129,6,0.015878999999999976,113,0,mouse_active,1
7.396807,7,1,129,6,8.300000000005525e-05,114,1,mouse_active,1
7.405145,7,1,129,6,0.008338000000000179,113,1,mouse_active,1
7.405229,7,1,129,6,8.400000000019503e-05,114,1,mouse_active,1
7.428647,7,1,129,6,0.023417999999999495,111,0,mouse_active,1
7.428729,7,1,129,6,8.199999999991547e-05,112,1,mouse_active,1
7.436682,7,1,129,6,0.007953000000000543,113,1,mouse_active,1
7.436765,7,1,129,6,8.300000000005525e-05,114,1,mouse_active,1
7.452926,7,1,129,6,0.016160999999999426,113,0,mouse_active,1
7.453015,7,1,129,6,8.900000000000574e-05,114,1,mouse_active,1
7.470694,7,1,129,6,0.017679000000000222,113,0,mouse_active,1
7.470717,7,1,129,6,2.299999999966218e-05,114,1,mouse_active,1
7.486031,7,1,129,6,0.01531400000000005,115,0,mouse_active,1
7.486059,7,1,129,6,2.800000000036107e-05,116,1,mouse_active,1
7.508808,7,1,129,6,0.02274900000000013,117,0,mouse_active,1
7.508833,7,1,129,6,2.4999999999941735e-05,118,1,mouse_active,1
7.51674,7,1,129,6,0.00790700000000033,119,1,mouse_active,1
7.516763,7,1,129,6,2.299999999966218e-05,120,1,mouse_active,1
7.534643,7,1,129,6,0.017879999999999896,119,0,mouse_active,1
7.534669,7,1,129,6,2.6000000000081513e-05,120,1,mouse_active,1
7.548735,7,1,129,6,0.01406599999999969,121,0,mouse_active,1
7.548762,7,1,129,6,2.700000000022129e-05,122,1,mouse_active,1
7.56769,7,1,129,6,0.018927999999999834,123,0,mouse_active,1
7.56772,7,1,129,6,2.9999999999752447e-05,124,1,mouse_active,1
7.5807,7,1,129,6,0.012980000000000658,125,0,mouse_active,1
7.580776,7,1,129,6,7.599999999996498e-05,126,1,mouse_active,1
7.607143,7,1,129,6,0.026366999999999585,123,0,mouse_active,1
7.607223,7,1,129,6,8.00000000005241e-05,124,1,mouse_active,1
7.620761,7,1,129,6,0.013537999999999606,123,0,mouse_active,1
7.620828,7,1,129,6,6.700000000048334e-05,124,1,mouse_active,1
7.636904,7,1,129,6,0.01607599999999998,123,0,mouse_active,1
7.636989,7,1,129,6,8.499999999944663e-05,124,1,mouse_active,1
7.655863,7,1,129,6,0.01887400000000028,123,0,mouse_active,1
7.655947,7,1,129,6,8.400000000019503e-05,124,1,mouse_active,1
7.671296,7,1,129,6,0.015348999999999613,123,0,mouse_active,1
7.671373,7,1,129,6,7.700000000010476e-05,124,1,mouse_active,1
7.685916,7,1,129,6,0.01454299999999975,123,0,mouse_active,1
7.686001,7,1,129,6,8.500000000033481e-05,124,1,mouse_active,1
7.702409,7,1,129,6,0.0164080000000002,123,0,mouse_active,1
7.702493,7,1,129,6,8.399999999930685e-05,124,1,mouse_active,1
7.717139,7,1,129,6,0.014646000000000825,123,0,mouse_active,1
7.717211,7,1,129,6,7.199999999940587e-05,124,1,mouse_active,1
7.740842,7,1,129,6,0.023630999999999958,123,0,mouse_active,1
7.740917,7,1,129,6,7.49999999998252e-05,124,1,mouse_active,1
7.750991,7,1,129,6,0.01007400000000036,124,0,mouse_active,1
7.751076,7,1,129,6,8.500000000033481e-05,124,1,mouse_active,1
7.77412,7,1,129,6,0.02304399999999962,123,0,mouse_active,1
7.774211,7,1,129,6,9.10000000002853e-05,124,1,mouse_active,1
7.789149,7,1,129,6,0.014937999999999896,123,0,mouse_active,1
7.789232,7,1,129,6,8.300000000005525e-05,124,1,mouse_active,1
7.804913,7,1,129,6,0.015680999999999834,123,0,mouse_active,1
7.804938,7,1,129,6,2.4999999999941735e-05,124,1,mouse_active,1
7.822319,7,1,129,6,0.017381000000000313,123,0,mouse_active,1
7.822412,7,1,129,6,9.299999999967667e-05,124,1,mouse_active,1
7.837076,7,1,129,6,0.014663999999999788,123,0,mouse_active,1
7.837102,7,1,129,6,2.6000000000081513e-05,124,1,mouse_active,1
7.854336,7,1,129,6,0.017234000000000194,121,0,mouse_active,1
7.854362,7,1,129,6,2.6000000000081513e-05,122,1,mouse_active,1
7.868945,7,1,129,6,0.014583000000000013,123,0,mouse_active,1
7.868971,7,1,129,6,2.6000000000081513e-05,124,1,mouse_active,1
7.886349,7,1,129,6,0.017377999999999894,123,0,mouse_active,1
7.886375,7,1,129,6,2.6000000000081513e-05,124,1,mouse_active,1
7.900879,7,1,129,6,0.014503999999999628,123,0,mouse_active,1
7.900906,7,1,129,6,2.700000000022129e-05,124,1,mouse_active,1
7.917566,7,1,129,6,0.016659999999999897,123,0,mouse_active,1
7.917589,7,1,129,6,2.3000000000550358e-05,124,1,mouse_active,1
7.940884,7,1,129,6,0.023294999999999177,121,0,mouse_active,1
7.940911,7,1,129,6,2.700000000022129e-05,122,1,mouse_active,1
7.956978,7,1,129,6,0.016067000000000498,121,0,mouse_active,1
7.957004,7,1,129,6,2.6000000000081513e-05,122,1,mouse_active,1
7.964949,7,1,129,6,0.007944999999999425,123,1,mouse_active,1
7.96498,7,1,129,6,3.0999999999892225e-05,124,1,mouse_active,1
7.989039,7,1,129,6,0.024059000000000275,121,0,mouse_active,1
7.989066,7,1,129,6,2.700000000022129e-05,122,1,mouse_active,1
7.996973,7,1,129,6,0.007906999999999442,123,1,mouse_active,1
7.996993,7,1,129,6,2.0000000000131024e-05,124,1,mouse_active,1
8.021161,7,1,129,6,0.024167999999999523,123,0,mouse_active,1
8.021188,7,1,129,6,2.700000000110947e-05,124,1,mouse_active,1
8.036914,7,1,129,6,0.01572599999999902,121,0,mouse_active,1
8.036932,7,1,129,6,1.8000000000739647e-05,122,1,mouse_active,1
8.045021,7,1,129,6,0.008089000000000013,123,1,mouse_active,1
8.045068,7,1,129,6,4.7000000000352316e-05,124,1,mouse_active,1
8.064006,7,1,129,6,0.018937999999998567,123,0,mouse_active,1
8.064126,7,1,129,6,0.00012000000000078614,124,1,mouse_active,1
8.078012,7,1,129,6,0.013885999999999399,123,0,mouse_active,1
8.078098,7,1,129,6,8.600000000136276e-05,124,1,mouse_active,1
8.100871,7,1,129,6,0.022772999999999044,121,0,mouse_active,1
8.100939,7,1,129,6,6.800000000062312e-05,122,1,mouse_active,1
8.109172,7,1,129,6,0.008232999999998825,123,1,mouse_active,1
8.109233,7,1,129,6,6.100000000053285e-05,124,1,mouse_active,1
8.124943,7,1,129,6,0.015710000000000335,123,0,mouse_active,1
8.125002,7,1,129,6,5.9000000000253294e-05,124,1,mouse_active,1
8.141057,7,1,129,6,0.01605499999999971,123,0,mouse_active,1
8.141116,7,1,129,6,5.9000000000253294e-05,124,1,mouse_active,1
8.157021,7,1,129,6,0.015905000000000058,123,0,mouse_active,1
8.15711,7,1,129,6,8.899999999911756e-05,124,1,mouse_active,1
8.174817,7,1,129,6,0.017706999999999695,123,0,mouse_active,1
8.17496,7,1,129,6,0.0001430000000013365,124,1,mouse_active,1
8.197137,7,1,129,6,0.022176999999999225,121,0,mouse_active,1
8.197229,7,1,129,6,9.200000000042508e-05,122,1,mouse_active,1
8.204939,7,1,129,6,0.0077099999999994395,123,1,mouse_active,1
8.204962,7,1,129,6,2.3000000000550358e-05,124,1,mouse_active,1
8.221373,7,1,129,6,0.01641099999999973,123,0,mouse_active,1
8.221451,7,1,129,6,7.800000000024454e-05,124,1,mouse_active,1
8.244944,7,1,129,6,0.023493000000000208,121,0,mouse_active,1
8.245035,7,1,129,6,9.099999999939712e-05,122,1,mouse_active,1
8.262364,7,1,129,6,0.01732900000000015,121,0,mouse_active,1
8.262382,7,1,129,6,1.8000000000739647e-05,122,1,mouse_active,1
8.278499,7,1,129,6,0.016116999999999493,121,0,mouse_active,1
8.278602,7,1,129,6,0.0001029999999992981,122,1,mouse_active,1
8.29309,7,1,129,6,0.014488000000000056,121,0,mouse_active,1
8.293179,7,1,129,6,8.900000000089392e-05,122,1,mouse_active,1
8.30931,7,1,129,6,0.016130999999999673,121,0,mouse_active,1
8.309404,7,1,129,6,9.400000000070463e-05,122,1,mouse_active,1
8.325279,7,1,129,6,0.015874999999999417,121,0,mouse_active,1
8.325367,7,1,129,6,8.799999999986596e-05,122,1,mouse_active,1
8.341308,7,1,129,6,0.01594099999999976,123,0,mouse_active,1
8.341407,7,1,129,6,9.900000000051534e-05,124,1,mouse_active,1
8.35738,7,1,129,6,0.015972999999998905,121,0,mouse_active,1
8.357495,7,1,129,6,0.00011500000000097543,122,1,mouse_active,1
8.373322,7,1,129,6,0.015826999999999813,123,0,mouse_active,1
8.373411,7,1,129,6,8.900000000089392e-05,124,1,mouse_active,1
8.391601,7,1,129,6,0.018189999999998818,123,0,mouse_active,1
8.391692,7,1,129,6,9.100000000117348e-05,124,1,mouse_active,1
8.406891,7,1,129,6,0.015198999999999074,121,0,mouse_active,1
8.406978,7,1,129,6,8.700000000061436e-05,122,1,mouse_active,1
8.422286,7,1,129,6,0.015307999999999211,123,0,mouse_active,1
8.422377,7,1,129,6,9.099999999939712e-05,124,1,mouse_active,1
8.437009,7,1,129,6,0.014632000000000644,121,0,mouse_active,1
8.437069,7,1,129,6,5.9999999999504894e-05,122,1,mouse_active,1
8.453791,7,1,129,6,0.016722000000001458,121,0,mouse_active,1
8.45386,7,1,129,6,6.899999999987472e-05,122,1,mouse_active,1
8.469209,7,1,129,6,0.015348999999998725,123,0,mouse_active,1
8.469302,7,1,129,6,9.300000000145303e-05,124,1,mouse_active,1
8.486313,7,1,129,6,0.01701100000000011,121,0,mouse_active,1
8.486377,7,1,129,6,6.399999999828765e-05,122,1,mouse_active,1
8.502767,7,1,129,6,0.016390000000001237,123,0,mouse_active,1
8.502855,7,1,129,6,8.799999999986596e-05,124,1,mouse_active,1
8.517601,7,1,129,6,0.014746000000000592,121,0,mouse_active,1
8.51767,7,1,129,6,6.899999999987472e-05,122,1,mouse_active,1
8.535083,7,1,129,6,0.017412999999999457,121,0,mouse_active,1
8.535215,7,1,129,6,0.00013200000000068712,122,1,mouse_active,1
8.557074,7,1,129,6,0.021858999999999185,121,0,mouse_active,1
8.557136,7,1,129,6,6.199999999978445e-05,122,1,mouse_active,1
8.566426,7,1,129,6,0.00929000000000002,123,1,mouse_active,1
8.566536,7,1,129,6,0.00010999999999938836,124,1,mouse_active,1
8.581212,7,1,129,6,0.014676000000001466,121,0,mouse_active,1
8.581345,7,1,129,6,0.00013299999999993872,122,1,mouse_active,1
8.598567,7,1,129,6,0.017221999999998516,123,0,mouse_active,1
8.598643,7,1,129,6,7.599999999996498e-05,124,1,mouse_active,1
8.614711,7,1,129,6,0.016068000000000637,123,0,mouse_active,1
8.614795,7,1,129,6,8.400000000108321e-05,124,1,mouse_active,1
8.62943,7,1,129,6,0.0146349999999984,123,0,mouse_active,1
8.629464,7,1,129,6,3.400000000119974e-05,124,1,mouse_active,1
8.646693,7,1,129,6,0.017229000000000383,123,0,mouse_active,1
8.646772,7,1,129,6,7.899999999949614e-05,124,1,mouse_active,1
8.6694,7,1,129,6,0.022627999999999204,123,0,mouse_active,1
8.669476,7,1,129,6,7.599999999996498e-05,124,1,mouse_active,1
8.678471,7,1,129,6,0.00899500000000053,123,1,mouse_active,1
8.678563,7,1,129,6,9.200000000042508e-05,124,1,mouse_active,1
8.69349,7,1,129,6,0.014927000000000135,123,0,mouse_active,1
8.693619,7,1,129,6,0.0001289999999993796,124,1,mouse_active,1
8.709215,7,1,129,6,0.015596000000000387,123,0,mouse_active,1
8.709328,7,1,129,6,0.00011299999999891952,124,1,mouse_active,1
8.725221,7,1,129,6,0.015893000000000157,123,0,mouse_active,1
8.725329,7,1,129,6,0.00010800000000088517,124,1,mouse_active,1
8.742515,7,1,129,6,0.017185999999998813,123,0,mouse_active,1
8.742653,7,1,129,6,0.0001380000000015258,124,1,mouse_active,1
8.757596,7,1,129,6,0.014942999999998818,123,0,mouse_active,1
8.75775,7,1,129,6,0.00015400000000020952,124,1,mouse_active,1
8.775406,7,1,129,6,0.01765600000000056,123,0,mouse_active,1
8.775531,7,1,129,6,0.00012500000000059686,124,1,mouse_active,1
8.797276,7,1,129,6,0.021744999999999237,123,0,mouse_active,1
8.797429,7,1,129,6,0.00015299999999918157,124,1,mouse_active,1
8.807318,7,1,129,6,0.009889000000001147,123,1,mouse_active,1
8.807391,7,1,129,6,7.300000000043383e-05,124,1,mouse_active,1
8.829317,7,1,129,6,0.02192599999999878,123,0,mouse_active,1
8.829382,7,1,129,6,6.500000000109196e-05,124,1,mouse_active,1
8.83736,7,1,129,6,0.007977999999999597,123,1,mouse_active,1
8.837419,7,1,129,6,5.9000000000253294e-05,124,1,mouse_active,1
8.854814,7,1,129,6,0.017394999999998717,123,0,mouse_active,1
8.854887,7,1,129,6,7.300000000043383e-05,124,1,mouse_active,1
8.877433,7,1,129,6,0.022546000000000177,123,0,mouse_active,1
8.877509,7,1,129,6,7.599999999996498e-05,124,1,mouse_active,1
8.885238,7,1,129,6,0.007728999999999431,125,1,mouse_active,1
8.885301,7,1,129,6,6.30000000008124e-05,126,1,mouse_active,1
8.904826,7,1,129,6,0.019524999999999793,123,0,mouse_active,1
8.904889,7,1,129,6,6.30000000008124e-05,124,1,mouse_active,1
8.917625,7,1,129,6,0.012735999999998526,123,0,mouse_active,1
8.917701,7,1,129,6,7.599999999996498e-05,124,1,mouse_active,1
8.934775,7,1,129,6,0.017074000000000922,125,0,mouse_active,1
8.934848,7,1,129,6,7.300000000043383e-05,126,1,mouse_active,1
8.949429,7,1,129,6,0.014580999999999733,125,0,mouse_active,1
8.949533,7,1,129,6,0.00010400000000032605,126,1,mouse_active,1
8.965619,7,1,129,6,0.0160859999999996,123,0,mouse_active,1
8.965703,7,1,129,6,8.399999999930685e-05,124,1,mouse_active,1
8.981347,7,1,129,6,0.01564399999999999,125,0,mouse_active,1
8.981412,7,1,129,6,6.500000000109196e-05,126,1,mouse_active,1
8.997369,7,1,129,6,0.01595700000000022,123,0,mouse_active,1
8.99745,7,1,129,6,8.09999999997757e-05,124,1,mouse_active,1
9.015839,7,1,129,6,0.0183889999999991,125,0,mouse_active,1
9.0159,7,1,129,6,6.100000000053285e-05,126,1,mouse_active,1
9.029718,7,1,129,6,0.013818000000000552,125,0,mouse_active,1
9.029815,7,1,129,6,9.699999999845943e-05,126,1,mouse_active,1
9.045659,7,1,129,6,0.0158440000000013,123,0,mouse_active,1
9.045739,7,1,129,6,7.999999999874774e-05,124,1,mouse_active,1
9.061895,7,1,129,6,0.016156000000000503,125,0,mouse_active,1
9.061963,7,1,129,6,6.800000000062312e-05,126,1,mouse_active,1
9.079583,7,1,129,6,0.01761999999999908,123,0,mouse_active,1
9.07968,7,1,129,6,9.700000000023579e-05,124,1,mouse_active,1
9.095489,7,1,129,6,0.01580900000000085,125,0,mouse_active,1
9.095579,7,1,129,6,9.000000000014552e-05,126,1,mouse_active,1
9.117388,7,1,129,6,0.0218089999999993,123,0,mouse_active,1
9.117423,7,1,129,6,3.500000000045134e-05,124,1,mouse_active,1
9.133543,7,1,129,6,0.016119999999999024,123,0,mouse_active,1
9.133573,7,1,129,6,3.0000000000640625e-05,124,1,mouse_active,1
9.149457,7,1,129,6,0.015883999999999787,123,0,mouse_active,1
9.149594,7,1,129,6,0.00013700000000049783,124,1,mouse_active,1
9.16551,7,1,129,6,0.01591599999999893,123,0,mouse_active,1
9.165606,7,1,129,6,9.600000000098419e-05,124,1,mouse_active,1
9.182155,7,1,129,6,0.01654899999999948,123,0,mouse_active,1
9.182224,7,1,129,6,6.899999999987472e-05,124,1,mouse_active,1
9.199297,7,1,129,6,0.017072999999999894,123,0,mouse_active,1
9.199329,7,1,129,6,3.200000000092018e-05,124,1,mouse_active,1
9.213419,7,1,129,6,0.014089999999999492,123,0,mouse_active,1
9.213483,7,1,129,6,6.4000000000064e-05,124,1,mouse_active,1
9.231469,7,1,129,6,0.0179860000000005,123,0,mouse_active,1
9.231617,7,1,129,6,0.00014799999999937086,124,1,mouse_active,1
9.247345,7,1,129,6,0.015727999999999298,123,0,mouse_active,1
9.247384,7,1,129,6,3.900000000101045e-05,124,1,mouse_active,1
9.262981,7,1,129,6,0.015596999999999639,123,0,mouse_active,1
9.263072,7,1,129,6,9.099999999939712e-05,124,1,mouse_active,1
9.287981,7,1,129,6,0.024909000000000958,123,0,mouse_active,1
9.288061,7,1,129,6,8.00000000005241e-05,124,1,mouse_active,1
9.2938,7,1,129,6,0.005738999999998384,123,1,mouse_active,1
9.293888,7,1,129,6,8.800000000164232e-05,124,1,mouse_active,1
9.317839,7,1,129,6,0.0239509999999985,123,0,mouse_active,1
9.317933,7,1,129,6,9.400000000070463e-05,124,1,mouse_active,1
9.3268,7,1,129,6,0.008867000000000402,123,1,mouse_active,1
9.326887,7,1,129,6,8.699999999883801e-05,124,1,mouse_active,1
9.349524,7,1,129,6,0.02263700000000135,123,0,mouse_active,1
9.3496,7,1,129,6,7.599999999996498e-05,124,1,mouse_active,1
9.35784,7,1,129,6,0.008239999999998915,123,1,mouse_active,1
9.357927,7,1,129,6,8.700000000061436e-05,124,1,mouse_active,1
9.381845,7,1,129,6,0.023918000000000106,123,0,mouse_active,1
9.381935,7,1,129,6,9.000000000014552e-05,124,1,mouse_active,1
9.390511,7,1,129,6,0.008575999999999695,125,1,mouse_active,1
9.390602,7,1,129,6,9.099999999939712e-05,126,1,mouse_active,1
9.413813,7,1,129,6,0.02321099999999987,123,0,mouse_active,1
9.41384,7,1,129,6,2.700000000110947e-05,124,1,mouse_active,1
9.421857,7,1,129,6,0.00801699999999883,125,1,mouse_active,1
9.421885,7,1,129,6,2.800000000036107e-05,126,1,mouse_active,1
9.437887,7,1,129,6,0.016002000000000294,123,0,mouse_active,1
9.437906,7,1,129,6,1.8999999999991246e-05,124,1,mouse_active,1
9.455786,7,1,129,6,0.017879999999999896,123,0,mouse_active,1
9.455813,7,1,129,6,2.6999999999333113e-05,124,1,mouse_active,1
9.482033,7,1,129,6,0.026220000000000354,123,0,mouse_active,1
9.482061,7,1,129,6,2.800000000036107e-05,124,1,mouse_active,1
9.495355,7,1,129,6,0.013294000000000139,123,0,mouse_active,1
9.49544,7,1,129,6,8.500000000033481e-05,124,1,mouse_active,1
9.501874,7,1,129,6,0.006434000000000495,125,1,mouse_active,1
9.502003,7,1,129,6,0.0001289999999993796,126,1,mouse_active,1
9.518252,7,1,129,6,0.01624900000000018,123,0,mouse_active,1
9.518389,7,1,129,6,0.00013700000000049783,124,1,mouse_active,1
9.541903,7,1,129,6,0.023513999999998703,123,0,mouse_active,1
9.541995,7,1,129,6,9.200000000042508e-05,124,1,mouse_active,1
9.560603,7,1,129,6,0.018608000000000402,123,0,mouse_active,1
9.56068,7,1,129,6,7.699999999921658e-05,124,1,mouse_active,1
9.5739,7,1,129,6,0.013220000000000454,123,0,mouse_active,1
9.573985,7,1,129,6,8.500000000033481e-05,124,1,mouse_active,1
9.59254,7,1,129,6,0.01855499999999921,123,0,mouse_active,1
9.592626,7,1,129,6,8.599999999958641e-05,124,1,mouse_active,1
9.605885,7,1,129,6,0.013259000000001464,123,0,mouse_active,1
9.605964,7,1,129,6,7.899999999949614e-05,124,1,mouse_active,1
9.62458,7,1,129,6,0.018615999999999744,123,0,mouse_active,1
9.624649,7,1,129,6,6.899999999987472e-05,124,1,mouse_active,1
9.637667,7,1,129,6,0.01301800000000064,123,0,mouse_active,1
9.63773,7,1,129,6,6.299999999903605e-05,124,1,mouse_active,1
9.653747,7,1,129,6,0.016016999999999726,123,0,mouse_active,1
9.653881,7,1,129,6,0.00013400000000096668,124,1,mouse_active,1
9.662272,7,1,129,6,0.008390999999999593,125,1,mouse_active,1
9.662337,7,1,129,6,6.500000000109196e-05,126,1,mouse_active,1
9.677724,7,1,129,6,0.015386999999998707,125,0,mouse_active,1
9.677799,7,1,129,6,7.500000000071338e-05,126,1,mouse_active,1
9.694516,7,1,129,6,0.01671699999999987,123,0,mouse_active,1
9.694581,7,1,129,6,6.49999999993156e-05,124,1,mouse_active,1
9.720007,7,1,129,6,0.02542600000000128,123,0,mouse_active,1
9.720075,7,1,129,6,6.799999999884676e-05,124,1,mouse_active,1
9.735738,7,1,129,6,0.015662999999999982,123,0,mouse_active,1
9.735807,7,1,129,6,6.899999999987472e-05,124,1,mouse_active,1
9.749994,7,1,129,6,0.014186999999999728,123,0,mouse_active,1
9.750076,7,1,129,6,8.200000000080365e-05,124,1,mouse_active,1
9.767474,7,1,129,6,0.017398000000000025,123,0,mouse_active,1
9.767553,7,1,129,6,7.899999999949614e-05,124,1,mouse_active,1
9.78456,7,1,129,6,0.017007000000001327,123,0,mouse_active,1
9.784621,7,1,129,6,6.099999999875649e-05,124,1,mouse_active,1
9.80014,7,1,129,6,0.01551900000000117,123,0,mouse_active,1
9.800226,7,1,129,6,8.599999999958641e-05,124,1,mouse_active,1
9.813696,7,1,129,6,0.013469999999999871,123,0,mouse_active,1
9.81381,7,1,129,6,0.00011399999999994748,124,1,mouse_active,1
9.829688,7,1,129,6,0.015878000000000725,123,0,mouse_active,1
9.829779,7,1,129,6,9.099999999939712e-05,124,1,mouse_active,1
9.846069,7,1,129,6,0.016289999999999694,123,0,mouse_active,1
9.846178,7,1,129,6,0.00010900000000013677,124,1,mouse_active,1
9.862127,7,1,129,6,0.015948999999999103,123,0,mouse_active,1
9.862216,7,1,129,6,8.900000000089392e-05,124,1,mouse_active,1
9.87792,7,1,129,6,0.015703999999999496,123,0,mouse_active,1
9.878007,7,1,129,6,8.700000000061436e-05,124,1,mouse_active,1
9.895807,7,1,129,6,0.017799999999999372,123,0,mouse_active,1
9.8959,7,1,129,6,9.299999999967667e-05,124,1,mouse_active,1
9.912851,7,1,129,6,0.016951000000000604,123,0,mouse_active,1
9.91293,7,1,129,6,7.899999999949614e-05,124,1,mouse_active,1
9.927606,7,1,129,6,0.014676000000001466,123,0,mouse_active,1
9.927631,7,1,129,6,2.4999999999053557e-05,124,1,mouse_active,1
9.942031,7,1,129,6,0.01440000000000019,123,0,mouse_active,1
9.942117,7,1,129,6,8.599999999958641e-05,124,1,mouse_active,1
9.969107,7,1,129,6,0.026989999999999625,121,0,mouse_active,1
9.96919,7,1,129,6,8.300000000005525e-05,122,1,mouse_active,1
9.981942,7,1,129,6,0.012752000000000763,121,0,mouse_active,1
9.98202,7,1,129,6,7.800000000024454e-05,122,1,mouse_active,1
9.999097,7,1,129,6,0.017077000000000453,121,0,mouse_active,1
9.999156,7,1,129,6,5.899999999847694e-05,122,1,mouse_active,1
10.01389,7,1,129,6,0.014734000000000691,123,0,mouse_active,1
10.013907,7,1,129,6,1.699999999971169e-05,124,1,mouse_active,1
10.029941,7,1,129,6,0.016034000000001214,121,0,mouse_active,1
10.029971,7,1,129,6,2.999999999886427e-05,122,1,mouse_active,1
10.053829,7,1,129,6,0.0238580000000006,121,0,mouse_active,1
10.053854,7,1,129,6,2.4999999999053557e-05,122,1,mouse_active,1
10.062909,7,1,129,6,0.009055000000000035,121,1,mouse_active,1
10.063,7,1,129,6,9.100000000117348e-05,122,1,mouse_active,1
10.079664,7,1,129,6,0.01666399999999868,122,0,mouse_active,1
10.079907,7,1,129,6,0.00024300000000110344,122,1,mouse_active,1
10.101918,7,1,129,6,0.022010999999999115,121,0,mouse_active,1
10.101991,7,1,129,6,7.300000000043383e-05,122,1,mouse_active,1
10.111186,7,1,129,6,0.009195000000000064,123,1,mouse_active,1
10.111328,7,1,129,6,0.00014200000000030855,124,1,mouse_active,1
10.126281,7,1,129,6,0.014953000000000216,123,0,mouse_active,1
10.126384,7,1,129,6,0.0001029999999992981,124,1,mouse_active,1
10.149926,7,1,129,6,0.02354200000000084,121,0,mouse_active,1
10.150146,7,1,129,6,0.00021999999999877673,122,1,mouse_active,1
10.167748,7,1,129,6,0.017602000000000118,121,0,mouse_active,1
10.167848,7,1,129,6,9.999999999976694e-05,122,1,mouse_active,1
10.182042,7,1,129,6,0.014193999999999818,123,0,mouse_active,1
10.182218,7,1,129,6,0.00017600000000150828,123,1,mouse_active,1
10.198174,7,1,129,6,0.015955999999999193,123,0,mouse_active,1
10.198333,7,1,129,6,0.00015900000000002024,124,1,mouse_active,1
10.214265,7,1,129,6,0.01593199999999939,121,0,mouse_active,1
10.214357,7,1,129,6,9.200000000042508e-05,122,1,mouse_active,1
10.23078,7,1,129,6,0.016422999999999632,123,0,mouse_active,1
10.230932,7,1,129,6,0.00015199999999992997,124,1,mouse_active,1
10.24814,7,1,129,6,0.017208000000000112,121,0,mouse_active,1
10.248227,7,1,129,6,8.700000000061436e-05,122,1,mouse_active,1
10.263449,7,1,129,6,0.015221999999999625,121,0,mouse_active,1
10.263537,7,1,129,6,8.799999999986596e-05,122,1,mouse_active,1
10.277982,7,1,129,6,0.014445000000000263,123,0,mouse_active,1
10.278061,7,1,129,6,7.899999999949614e-05,124,1,mouse_active,1
10.294403,7,1,129,6,0.016342000000001633,121,0,mouse_active,1
10.294465,7,1,129,6,6.199999999978445e-05,122,1,mouse_active,1
10.31005,7,1,129,6,0.015584999999999738,123,0,mouse_active,1
10.310114,7,1,129,6,6.4000000000064e-05,124,1,mouse_active,1
10.326085,7,1,129,6,0.0159710000000004,123,0,mouse_active,1
10.326155,7,1,129,6,6.999999999912632e-05,124,1,mouse_active,1
10.350221,7,1,129,6,0.024065999999999477,121,0,mouse_active,1
10.350296,7,1,129,6,7.500000000071338e-05,122,1,mouse_active,1
10.367945,7,1,129,6,0.01764900000000047,121,0,mouse_active,1
10.368005,7,1,129,6,5.9999999999504894e-05,122,1,mouse_active,1
10.382215,7,1,129,6,0.014210000000000278,121,0,mouse_active,1
10.382355,7,1,129,6,0.000140000000000029,122,1,mouse_active,1
10.397931,7,1,129,6,0.015575999999999368,121,0,mouse_active,1
10.398057,7,1,129,6,0.00012599999999984846,122,1,mouse_active,1
10.407595,7,1,129,6,0.009538000000000935,123,1,mouse_active,1
10.407714,7,1,129,6,0.00011899999999975819,124,1,mouse_active,1
10.422325,7,1,129,6,0.014611000000000374,121,0,mouse_active,1
10.422434,7,1,129,6,0.00010900000000013677,122,1,mouse_active,1
10.43831,7,1,129,6,0.01587599999999867,121,0,mouse_active,1
10.438407,7,1,129,6,9.700000000023579e-05,122,1,mouse_active,1
10.455568,7,1,129,6,0.01716099999999976,123,0,mouse_active,1
10.455585,7,1,129,6,1.699999999971169e-05,124,1,mouse_active,1
10.471244,7,1,129,6,0.0156590000000012,123,0,mouse_active,1
10.47133,7,1,129,6,8.599999999958641e-05,124,1,mouse_active,1
10.488015,7,1,129,6,0.016685000000000727,123,0,mouse_active,1
10.488113,7,1,129,6,9.799999999948739e-05,124,1,mouse_active,1
10.510191,7,1,129,6,0.022078000000000486,121,0,mouse_active,1
10.51028,7,1,129,6,8.899999999911756e-05,122,1,mouse_active,1
10.519439,7,1,129,6,0.009159000000000361,121,1,mouse_active,1
10.519525,7,1,129,6,8.599999999958641e-05,122,1,mouse_active,1
10.534093,7,1,129,6,0.01456800000000058,123,0,mouse_active,1
10.534127,7,1,129,6,3.399999999942338e-05,124,1,mouse_active,1
10.550685,7,1,129,6,0.01655799999999985,123,0,mouse_active,1
10.550762,7,1,129,6,7.700000000099294e-05,124,1,mouse_active,1
10.568019,7,1,129,6,0.017256999999998968,123,0,mouse_active,1
10.568075,7,1,129,6,5.600000000072214e-05,124,1,mouse_active,1
10.592958,7,1,129,6,0.0248829999999991,121,0,mouse_active,1
10.59305,7,1,129,6,9.200000000042508e-05,122,1,mouse_active,1
10.608372,7,1,129,6,0.015321999999999392,121,0,mouse_active,1
10.608466,7,1,129,6,9.400000000070463e-05,122,1,mouse_active,1
10.622251,7,1,129,6,0.01378500000000038,123,0,mouse_active,1
10.622339,7,1,129,6,8.799999999986596e-05,124,1,mouse_active,1
10.639714,7,1,129,6,0.017374999999999474,121,0,mouse_active,1
10.639809,7,1,129,6,9.499999999995623e-05,122,1,mouse_active,1
10.65451,7,1,129,6,0.01470100000000052,121,0,mouse_active,1
10.6546,7,1,129,6,9.000000000014552e-05,122,1,mouse_active,1
10.671977,7,1,129,6,0.017376999999999754,121,0,mouse_active,1
10.672072,7,1,129,6,9.499999999995623e-05,122,1,mouse_active,1
10.694525,7,1,129,6,0.0224530000000005,120,0,mouse_active,1
10.694615,7,1,129,6,9.000000000014552e-05,120,1,mouse_active,1
10.702496,7,1,129,6,0.00788099999999936,121,1,mouse_active,1
10.702582,7,1,129,6,8.599999999958641e-05,122,1,mouse_active,1
10.720159,7,1,129,6,0.017577000000001064,121,0,mouse_active,1
10.720323,7,1,129,6,0.00016399999999983095,122,1,mouse_active,1
10.74222,7,1,129,6,0.021896999999999167,121,0,mouse_active,1
10.742303,7,1,129,6,8.300000000005525e-05,122,1,mouse_active,1
10.751592,7,1,129,6,0.009289000000000769,121,1,mouse_active,1
10.75167,7,1,129,6,7.800000000024454e-05,122,1,mouse_active,1
10.774574,7,1,129,6,0.022903999999998703,121,0,mouse_active,1
10.77472,7,1,129,6,0.00014600000000086766,122,1,mouse_active,1
10.792867,7,1,129,6,0.018146999999999025,121,0,mouse_active,1
10.792958,7,1,129,6,9.100000000117348e-05,122,1,mouse_active,1
10.806393,7,1,129,6,0.01343499999999942,121,0,mouse_active,1
10.806473,7,1,129,6,8.00000000005241e-05,122,1,mouse_active,1
10.822576,7,1,129,6,0.016102999999999312,121,0,mouse_active,1
10.822736,7,1,129,6,0.0001600000000010482,122,1,mouse_active,1
10.831961,7,1,129,6,0.009224999999998929,121,1,mouse_active,1
10.832057,7,1,129,6,9.600000000098419e-05,122,1,mouse_active,1
10.854264,7,1,129,6,0.022206999999999866,121,0,mouse_active,1
10.854359,7,1,129,6,9.499999999995623e-05,122,1,mouse_active,1
10.862557,7,1,129,6,0.00819800000000015,121,1,mouse_active,1
10.862645,7,1,129,6,8.799999999986596e-05,122,1,mouse_active,1
10.918355,7,1,129,6,0.05570999999999948,117,0,mouse_active,1
10.918475,7,1,129,6,0.00012000000000078614,118,1,mouse_active,1
10.984074,7,1,129,6,0.06559899999999885,111,0,mouse_active,1
10.984186,7,1,129,6,0.00011199999999966792,112,1,mouse_active,1
11.006255,7,1,129,6,0.022069000000000116,111,0,mouse_active,1
11.006359,7,1,129,6,0.00010400000000032605,112,1,mouse_active,1
11.014379,7,1,129,6,0.008020000000000138,111,1,mouse_active,1
11.014477,7,1,129,6,9.799999999948739e-05,112,1,mouse_active,1
11.032145,7,1,129,6,0.01766800000000046,111,0,mouse_active,1
11.032291,7,1,129,6,0.00014600000000086766,112,1,mouse_active,1
11.047901,7,1,129,6,0.015609999999998792,113,0,mouse_active,1
11.048044,7,1,129,6,0.0001430000000013365,114,1,mouse_active,1
11.07089,7,1,129,6,0.022845999999999478,111,0,mouse_active,1
11.071002,7,1,129,6,0.00011199999999966792,112,1,mouse_active,1
11.120219,7,1,129,6,0.04921700000000051,107,0,mouse_active,1
11.120354,7,1,129,6,0.00013500000000021828,108,1,mouse_active,1
11.128816,7,1,129,6,0.008461999999999748,107,1,mouse_active,1
11.128911,7,1,129,6,9.499999999995623e-05,108,1,mouse_active,1
11.142534,7,1,129,6,0.013622999999999053,109,0,mouse_active,1
11.14262,7,1,129,6,8.600000000136276e-05,110,1,mouse_active,1
11.158456,7,1,129,6,0.015835999999998407,109,0,mouse_active,1
11.158516,7,1,129,6,6.000000000128125e-05,110,1,mouse_active,1
11.190489,7,1,129,6,0.03197299999999892,107,0,mouse_active,1
11.190567,7,1,129,6,7.800000000024454e-05,108,1,mouse_active,1
11.214433,7,1,129,6,0.023865999999999943,105,0,mouse_active,1
11.21449,7,1,129,6,5.699999999997374e-05,106,1,mouse_active,1
11.232707,7,1,129,6,0.018216999999999928,105,0,mouse_active,1
11.232722,7,1,129,6,1.5000000001208491e-05,106,1,mouse_active,1
11.248058,7,1,129,6,0.015335999999999572,107,0,mouse_active,1
11.248118,7,1,129,6,5.9999999999504894e-05,108,1,mouse_active,1
11.26265,7,1,129,6,0.014532000000000878,107,0,mouse_active,1
11.262714,7,1,129,6,6.4000000000064e-05,108,1,mouse_active,1
11.280306,7,1,129,6,0.01759199999999872,105,0,mouse_active,1
11.280357,7,1,129,6,5.100000000091143e-05,106,1,mouse_active,1
11.295216,7,1,129,6,0.014858999999999511,105,0,mouse_active,1
11.295317,7,1,129,6,0.0001010000000007949,106,1,mouse_active,1
11.31845,7,1,129,6,0.023132999999999626,105,0,mouse_active,1
11.318527,7,1,129,6,7.699999999921658e-05,106,1,mouse_active,1
11.327464,7,1,129,6,0.008937000000001305,105,1,mouse_active,1
11.327478,7,1,129,6,1.3999999998404178e-05,106,1,mouse_active,1
11.342461,7,1,129,6,0.014983000000000857,107,0,mouse_active,1
11.342482,7,1,129,6,2.1000000000270802e-05,108,1,mouse_active,1
11.374444,7,1,129,6,0.031962000000000046,105,0,mouse_active,1
11.374456,7,1,129,6,1.1999999999900979e-05,106,1,mouse_active,1
11.398581,7,1,129,6,0.02412499999999973,103,0,mouse_active,1
11.398599,7,1,129,6,1.8000000000739647e-05,104,1,mouse_active,1
11.415625,7,1,129,6,0.01702599999999954,103,0,mouse_active,1
11.415698,7,1,129,6,7.300000000043383e-05,104,1,mouse_active,1
11.430654,7,1,129,6,0.014955999999999747,103,0,mouse_active,1
11.430721,7,1,129,6,6.699999999959516e-05,104,1,mouse_active,1
11.448584,7,1,129,6,0.017863000000000184,103,0,mouse_active,1
11.448663,7,1,129,6,7.899999999949614e-05,104,1,mouse_active,1
11.464072,7,1,129,6,0.015409000000000006,103,0,mouse_active,1
11.464165,7,1,129,6,9.299999999967667e-05,104,1,mouse_active,1
11.479818,7,1,129,6,0.01565300000000036,103,0,mouse_active,1
11.480287,7,1,129,6,0.00046900000000071884,104,1,mouse_active,1
11.505378,7,1,129,6,0.025090999999999752,103,0,mouse_active,1
11.505432,7,1,129,6,5.400000000044258e-05,104,1,mouse_active,1
11.518659,7,1,129,6,0.013226999999998768,103,0,mouse_active,1
11.518719,7,1,129,6,6.000000000128125e-05,104,1,mouse_active,1
11.534673,7,1,129,6,0.015953999999998913,101,0,mouse_active,1
11.534751,7,1,129,6,7.800000000024454e-05,102,1,mouse_active,1
11.551155,7,1,129,6,0.01640399999999964,101,0,mouse_active,1
11.551225,7,1,129,6,7.000000000090267e-05,102,1,mouse_active,1
11.566772,7,1,129,6,0.015546999999999755,103,0,mouse_active,1
11.566857,7,1,129,6,8.500000000033481e-05,104,1,mouse_active,1
11.582729,7,1,129,6,0.015871999999999886,103,0,mouse_active,1
11.582813,7,1,129,6,8.399999999930685e-05,104,1,mouse_active,1
11.598971,7,1,129,6,0.016158000000000783,103,0,mouse_active,1
11.59909,7,1,129,6,0.00011899999999975819,104,1,mouse_active,1
11.614739,7,1,129,6,0.015648999999999802,103,0,mouse_active,1
11.614799,7,1,129,6,5.9999999999504894e-05,104,1,mouse_active,1
11.630737,7,1,129,6,0.01593800000000023,103,0,mouse_active,1
11.630802,7,1,129,6,6.49999999993156e-05,104,1,mouse_active,1
11.647424,7,1,129,6,0.01662200000000169,103,0,mouse_active,1
11.647555,7,1,129,6,0.00013099999999965917,104,1,mouse_active,1
11.664206,7,1,129,6,0.016650999999999527,103,0,mouse_active,1
11.664333,7,1,129,6,0.00012699999999910005,104,1,mouse_active,1
11.679677,7,1,129,6,0.01534400000000069,103,0,mouse_active,1
11.679807,7,1,129,6,0.00013000000000040757,104,1,mouse_active,1
11.726709,7,1,129,6,0.04690199999999933,99,0,mouse_active,1
11.726818,7,1,129,6,0.00010900000000013677,100,1,mouse_active,1
11.736628,7,1,129,6,0.009809999999999874,101,1,mouse_active,1
11.736686,7,1,129,6,5.8000000001001695e-05,102,1,mouse_active,1
11.750815,7,1,129,6,0.014128999999998726,101,0,mouse_active,1
11.750924,7,1,129,6,0.00010900000000013677,102,1,mouse_active,1
11.766696,7,1,129,6,0.01577200000000012,101,0,mouse_active,1
11.766806,7,1,129,6,0.00011000000000116472,102,1,mouse_active,1
11.78332,7,1,129,6,0.01651399999999903,101,0,mouse_active,1
11.78345,7,1,129,6,0.00013000000000040757,102,1,mouse_active,1
11.798984,7,1,129,6,0.015534000000000603,101,0,mouse_active,1
11.799004,7,1,129,6,1.9999999999242846e-05,102,1,mouse_active,1
11.823036,7,1,129,6,0.024032000000000053,99,0,mouse_active,1
11.823062,7,1,129,6,2.6000000000081513e-05,100,1,mouse_active,1
11.839103,7,1,129,6,0.016040999999999528,99,0,mouse_active,1
11.83919,7,1,129,6,8.700000000061436e-05,100,1,mouse_active,1
11.870753,7,1,129,6,0.03156300000000023,97,0,mouse_active,1
11.870844,7,1,129,6,9.099999999939712e-05,98,1,mouse_active,1
11.903115,7,1,129,6,0.03227099999999972,99,0,mouse_active,1
11.903185,7,1,129,6,7.000000000090267e-05,100,1,mouse_active,1
11.9294,7,1,129,6,0.026214999999998767,99,0,mouse_active,1
11.929511,7,1,129,6,0.00011100000000041632,100,1,mouse_active,1
11.944606,7,1,129,6,0.015095000000000525,101,0,mouse_active,1
11.94469,7,1,129,6,8.399999999930685e-05,102,1,mouse_active,1
11.960324,7,1,129,6,0.01563400000000037,103,0,mouse_active,1
11.960391,7,1,129,6,6.699999999959516e-05,104,1,mouse_active,1
12.022885,7,1,129,6,0.06249400000000094,99,0,mouse_active,1
12.022901,7,1,129,6,1.5999999998683734e-05,100,1,mouse_active,1
12.118956,7,1,129,6,0.09605500000000156,95,0,mouse_active,1
12.119037,7,1,129,6,8.09999999997757e-05,96,1,mouse_active,1
12.185819,7,1,129,6,0.0667819999999999,89,0,mouse_active,1
12.185845,7,1,129,6,2.6000000000081513e-05,90,1,mouse_active,1
12.199211,7,1,129,6,0.013365999999999545,89,0,mouse_active,1
12.199293,7,1,129,6,8.200000000080365e-05,90,1,mouse_active,1
12.217308,7,1,129,6,0.018014999999998338,89,0,mouse_active,1
12.217476,7,1,129,6,0.00016800000000039006,90,1,mouse_active,1
12.232594,7,1,129,6,0.015118000000001075,91,0,mouse_active,1
12.232754,7,1,129,6,0.00015999999999927184,90,1,mouse_active,1
12.24823,7,1,129,6,0.015475999999999601,89,0,mouse_active,1
12.248291,7,1,129,6,6.100000000053285e-05,90,1,mouse_active,1
12.264014,7,1,129,6,0.015722999999999487,89,0,mouse_active,1
12.264094,7,1,129,6,8.00000000005241e-05,90,1,mouse_active,1
12.279093,7,1,129,6,0.01499899999999954,91,0,mouse_active,1
12.279169,7,1,129,6,7.599999999996498e-05,92,1,mouse_active,1
12.295135,7,1,129,6,0.01596600000000059,91,0,mouse_active,1
12.295208,7,1,129,6,7.300000000043383e-05,92,1,mouse_active,1
12.310971,7,1,129,6,0.01576299999999975,91,0,mouse_active,1
12.311054,7,1,129,6,8.300000000005525e-05,92,1,mouse_active,1
12.329053,7,1,129,6,0.017998999999999654,89,0,mouse_active,1
12.329192,7,1,129,6,0.0001390000000007774,90,1,mouse_active,1
12.343351,7,1,129,6,0.014158999999999367,89,0,mouse_active,1
12.343536,7,1,129,6,0.00018500000000010175,90,1,mouse_active,1
12.359315,7,1,129,6,0.01577900000000021,91,0,mouse_active,1
12.359443,7,1,129,6,0.000128000000000128,92,1,mouse_active,1
12.37539,7,1,129,6,0.015946999999998823,91,0,mouse_active,1
12.375522,7,1,129,6,0.00013200000000068712,92,1,mouse_active,1
12.392855,7,1,129,6,0.01733300000000071,93,0,mouse_active,1
12.392957,7,1,129,6,0.00010199999999827014,94,1,mouse_active,1
12.407491,7,1,129,6,0.014534000000001157,93,0,mouse_active,1
12.407562,7,1,129,6,7.100000000015427e-05,94,1,mouse_active,1
12.424638,7,1,129,6,0.017075999999999425,93,0,mouse_active,1
12.424706,7,1,129,6,6.800000000062312e-05,94,1,mouse_active,1
12.463333,7,1,129,6,0.03862699999999997,91,0,mouse_active,1
12.463404,7,1,129,6,7.100000000015427e-05,92,1,mouse_active,1
12.499131,7,1,129,6,0.03572699999999962,89,0,mouse_active,1
12.499226,7,1,129,6,9.499999999995623e-05,90,1,mouse_active,1
12.519424,7,1,129,6,0.020198000000000604,87,0,mouse_active,1
12.51955,7,1,129,6,0.00012599999999984846,88,1,mouse_active,1
12.536665,7,1,129,6,0.01711499999999866,87,0,mouse_active,1
12.537112,7,1,129,6,0.00044700000000119644,88,1,mouse_active,1
12.561733,7,1,129,6,0.024620999999999782,87,0,mouse_active,1
12.561805,7,1,129,6,7.199999999940587e-05,88,1,mouse_active,1
12.59363,7,1,129,6,0.03182499999999955,85,0,mouse_active,1
12.593772,7,1,129,6,0.00014200000000030855,86,1,mouse_active,1
12.607379,7,1,129,6,0.013607000000000369,85,0,mouse_active,1
12.607509,7,1,129,6,0.00013000000000040757,86,1,mouse_active,1
12.616003,7,1,129,6,0.008493999999998891,85,1,mouse_active,1
12.616135,7,1,129,6,0.00013200000000068712,86,1,mouse_active,1
12.639361,7,1,129,6,0.023225999999999303,85,0,mouse_active,1
12.639517,7,1,129,6,0.00015600000000048908,86,1,mouse_active,1
12.655214,7,1,129,6,0.015697000000001182,85,0,mouse_active,1
12.655273,7,1,129,6,5.899999999847694e-05,86,1,mouse_active,1
12.681525,7,1,129,6,0.026252000000001274,83,0,mouse_active,1
12.681654,7,1,129,6,0.0001289999999993796,84,1,mouse_active,1
12.687252,7,1,129,6,0.00559800000000088,85,1,mouse_active,1
12.687356,7,1,129,6,0.0001039999999985497,86,1,mouse_active,1
12.703234,7,1,129,6,0.015878000000000725,87,0,mouse_active,1
12.703306,7,1,129,6,7.199999999940587e-05,88,1,mouse_active,1
12.71921,7,1,129,6,0.015904000000000806,89,0,mouse_active,1
12.719225,7,1,129,6,1.4999999999432134e-05,90,1,mouse_active,1
12.753409,7,1,129,6,0.03418399999999977,85,0,mouse_active,1
12.753429,7,1,129,6,2.0000000001019203e-05,86,1,mouse_active,1
12.778291,7,1,129,6,0.02486199999999883,85,0,mouse_active,1
12.778313,7,1,129,6,2.200000000129876e-05,86,1,mouse_active,1
12.791561,7,1,129,6,0.013247999999999038,85,0,mouse_active,1
12.79165,7,1,129,6,8.900000000089392e-05,86,1,mouse_active,1
12.808084,7,1,129,6,0.016433999999998505,85,0,mouse_active,1
12.80822,7,1,129,6,0.00013600000000124624,86,1,mouse_active,1
12.825126,7,1,129,6,0.016905999999998755,85,0,mouse_active,1
12.825215,7,1,129,6,8.900000000089392e-05,86,1,mouse_active,1
13.199597,7,1,129,6,0.37438200000000066,67,0,mouse_active,1
13.199686,7,1,129,6,8.899999999911756e-05,68,1,mouse_active,1
13.279662,7,1,129,6,0.07997600000000027,59,0,mouse_active,1
13.27975,7,1,129,6,8.799999999986596e-05,60,1,mouse_active,1
13.29739,7,1,129,6,0.0176400000000001,59,0,mouse_active,1
13.297471,7,1,129,6,8.09999999997757e-05,60,1,mouse_active,1
13.319595,7,1,129,6,0.02212399999999981,59,0,mouse_active,1
13.319676,7,1,129,6,8.09999999997757e-05,60,1,mouse_active,1
13.329611,7,1,129,6,0.009935000000000471,59,1,mouse_active,1
13.329639,7,1,129,6,2.800000000036107e-05,60,1,mouse_active,1
13.383561,7,1,129,6,0.053922000000000025,55,0,mouse_active,1
13.383589,7,1,129,6,2.800000000036107e-05,56,1,mouse_active,1
13.440821,7,1,129,6,0.05723199999999906,51,0,mouse_active,1
13.440847,7,1,129,6,2.6000000000081513e-05,52,1,mouse_active,1
13.466465,7,1,129,6,0.025617999999999697,51,0,mouse_active,1
13.46648,7,1,129,6,1.5000000001208491e-05,52,1,mouse_active,1
13.480725,7,1,129,6,0.014244999999998953,53,0,mouse_active,1
13.480746,7,1,129,6,2.1000000000270802e-05,54,1,mouse_active,1
13.495812,7,1,129,6,0.015066000000000912,55,0,mouse_active,1
13.495835,7,1,129,6,2.2999999998774e-05,56,1,mouse_active,1
13.512417,7,1,129,6,0.016581999999999653,55,0,mouse_active,1
13.512432,7,1,129,6,1.5000000001208491e-05,56,1,mouse_active,1
13.527911,7,1,129,6,0.015478999999999132,55,0,mouse_active,1
13.52794,7,1,129,6,2.899999999961267e-05,56,1,mouse_active,1
13.551911,7,1,129,6,0.023971000000001297,55,0,mouse_active,1
13.551994,7,1,129,6,8.300000000005525e-05,56,1,mouse_active,1
13.623994,7,1,129,6,0.07199999999999918,49,0,mouse_active,1
13.624078,7,1,129,6,8.400000000108321e-05,50,1,mouse_active,1
13.887709,7,1,129,6,0.2636309999999984,29,0,mouse_active,1
13.887802,7,1,129,6,9.300000000145303e-05,30,1,mouse_active,1
13.91973,7,1,129,6,0.031927999999998846,31,0,mouse_active,1
13.919888,7,1,129,6,0.00015800000000076864,32,1,mouse_active,1
13.935735,7,1,129,6,0.015846999999999056,33,0,mouse_active,1
13.935759,7,1,129,6,2.3999999999801958e-05,34,1,mouse_active,1
13.943879,7,1,129,6,0.008120000000001681,35,1,mouse_active,1
13.943949,7,1,129,6,6.999999999912632e-05,36,1,mouse_active,1
13.967827,7,1,129,6,0.023877999999999844,37,0,mouse_active,1
13.967885,7,1,129,6,5.8000000001001695e-05,38,1,mouse_active,1
13.983971,7,1,129,6,0.0160859999999996,39,0,mouse_active,1
13.984053,7,1,129,6,8.19999999990273e-05,40,1,mouse_active,1
13.993973,7,1,129,6,0.009920000000001039,41,1,mouse_active,1
13.994061,7,1,129,6,8.799999999986596e-05,42,1,mouse_active,1
14.015898,7,1,129,6,0.021836999999999662,43,0,mouse_active,1
14.015963,7,1,129,6,6.49999999993156e-05,44,1,mouse_active,1
14.024094,7,1,129,6,0.008131000000000554,45,1,mouse_active,1
14.024178,7,1,129,6,8.399999999930685e-05,46,1,mouse_active,1
14.046313,7,1,129,6,0.02213500000000046,47,0,mouse_active,1
14.046331,7,1,129,6,1.8000000000739647e-05,48,1,mouse_active,1
14.055902,7,1,129,6,0.00957099999999933,49,1,mouse_active,1
14.055956,7,1,129,6,5.400000000044258e-05,50,1,mouse_active,1
14.080239,7,1,129,6,0.0242830000000005,51,0,mouse_active,1
14.08027,7,1,129,6,3.0999999999892225e-05,52,1,mouse_active,1
14.088293,7,1,129,6,0.00802299999999967,53,1,mouse_active,1
14.088381,7,1,129,6,8.799999999986596e-05,54,1,mouse_active,1
14.10559,7,1,129,6,0.017208999999999364,55,0,mouse_active,1
14.105679,7,1,129,6,8.900000000089392e-05,56,1,mouse_active,1
14.121491,7,1,129,6,0.01581200000000038,57,0,mouse_active,1
14.121576,7,1,129,6,8.499999999855845e-05,58,1,mouse_active,1
14.137544,7,1,129,6,0.01596800000000087,59,0,mouse_active,1
14.137629,7,1,129,6,8.500000000033481e-05,60,1,mouse_active,1
14.154518,7,1,129,6,0.016888999999999044,61,0,mouse_active,1
14.154593,7,1,129,6,7.500000000071338e-05,62,1,mouse_active,1
14.168079,7,1,129,6,0.013486000000000331,63,0,mouse_active,1
14.168176,7,1,129,6,9.700000000023579e-05,64,1,mouse_active,1
14.185118,7,1,129,6,0.01694199999999846,65,0,mouse_active,1
14.185181,7,1,129,6,6.30000000008124e-05,66,1,mouse_active,1
14.208275,7,1,129,6,0.023094000000000392,65,0,mouse_active,1
14.208366,7,1,129,6,9.099999999939712e-05,66,1,mouse_active,1
14.224205,7,1,129,6,0.015838999999999714,67,0,mouse_active,1
14.224289,7,1,129,6,8.400000000108321e-05,68,1,mouse_active,1
14.240965,7,1,129,6,0.01667599999999858,69,0,mouse_active,1
14.241048,7,1,129,6,8.300000000005525e-05,70,1,mouse_active,1
14.256287,7,1,129,6,0.015239000000001113,71,0,mouse_active,1
14.256371,7,1,129,6,8.399999999930685e-05,72,1,mouse_active,1
14.279953,7,1,129,6,0.023582000000001102,71,0,mouse_active,1
14.28006,7,1,129,6,0.00010699999999985721,72,1,mouse_active,1
14.288148,7,1,129,6,0.008087999999998985,73,1,mouse_active,1
14.288298,7,1,129,6,0.0001499999999996504,74,1,mouse_active,1
14.312202,7,1,129,6,0.023903999999999925,73,0,mouse_active,1
14.312405,7,1,129,6,0.0002030000000008414,74,1,mouse_active,1
14.321564,7,1,129,6,0.009159000000000361,73,1,mouse_active,1
14.321754,7,1,129,6,0.00018999999999991246,74,1,mouse_active,1
14.336848,7,1,129,6,0.015093999999999497,73,0,mouse_active,1
14.336933,7,1,129,6,8.500000000033481e-05,74,1,mouse_active,1
14.359994,7,1,129,6,0.02306100000000022,75,0,mouse_active,1
14.360142,7,1,129,6,0.00014799999999937086,76,1,mouse_active,1
14.378984,7,1,129,6,0.018842000000001136,77,0,mouse_active,1
14.379172,7,1,129,6,0.0001879999999996329,78,1,mouse_active,1
14.392286,7,1,129,6,0.013113999999999848,77,0,mouse_active,1
14.392414,7,1,129,6,0.000128000000000128,78,1,mouse_active,1
14.409098,7,1,129,6,0.0166839999999997,79,0,mouse_active,1
14.409182,7,1,129,6,8.399999999930685e-05,80,1,mouse_active,1
14.425803,7,1,129,6,0.016621000000000663,81,0,mouse_active,1
14.425888,7,1,129,6,8.500000000033481e-05,82,1,mouse_active,1
14.441141,7,1,129,6,0.015252999999999517,81,0,mouse_active,1
14.441227,7,1,129,6,8.599999999958641e-05,82,1,mouse_active,1
14.457812,7,1,129,6,0.01658500000000096,83,0,mouse_active,1
14.457901,7,1,129,6,8.899999999911756e-05,84,1,mouse_active,1
14.472888,7,1,129,6,0.01498699999999964,83,0,mouse_active,1
14.472972,7,1,129,6,8.400000000108321e-05,84,1,mouse_active,1
14.498457,7,1,129,6,0.025484999999999758,81,0,mouse_active,1
14.498531,7,1,129,6,7.399999999968543e-05,82,1,mouse_active,1
14.51216,7,1,129,6,0.013628999999999891,83,0,mouse_active,1
14.512236,7,1,129,6,7.599999999996498e-05,84,1,mouse_active,1
14.529419,7,1,129,6,0.01718300000000106,81,0,mouse_active,1
14.529496,7,1,129,6,7.699999999921658e-05,82,1,mouse_active,1
14.544115,7,1,129,6,0.014618999999999716,83,0,mouse_active,1
14.544182,7,1,129,6,6.699999999959516e-05,84,1,mouse_active,1
14.560193,7,1,129,6,0.016011000000000664,83,0,mouse_active,1
14.560278,7,1,129,6,8.500000000033481e-05,84,1,mouse_active,1
14.57633,7,1,129,6,0.016052000000000177,85,0,mouse_active,1
14.576415,7,1,129,6,8.500000000033481e-05,86,1,mouse_active,1
14.592075,7,1,129,6,0.015659999999998675,87,0,mouse_active,1
14.592158,7,1,129,6,8.300000000005525e-05,88,1,mouse_active,1
14.609689,7,1,129,6,0.017530999999999963,89,0,mouse_active,1
14.609764,7,1,129,6,7.500000000071338e-05,90,1,mouse_active,1
14.625609,7,1,129,6,0.015845000000000553,89,0,mouse_active,1
14.625694,7,1,129,6,8.499999999855845e-05,90,1,mouse_active,1
14.650536,7,1,129,6,0.024842000000001363,91,0,mouse_active,1
14.650615,7,1,129,6,7.899999999949614e-05,92,1,mouse_active,1
14.656513,7,1,129,6,0.005898000000000181,93,1,mouse_active,1
14.656599,7,1,129,6,8.599999999958641e-05,94,1,mouse_active,1
14.683171,7,1,129,6,0.026571999999999818,95,0,mouse_active,1
14.683243,7,1,129,6,7.199999999940587e-05,96,1,mouse_active,1
14.689016,7,1,129,6,0.00577300000000136,97,1,mouse_active,1
14.689108,7,1,129,6,9.199999999864872e-05,98,1,mouse_active,1
14.712471,7,1,129,6,0.023363000000001577,99,0,mouse_active,1
14.712555,7,1,129,6,8.399999999930685e-05,100,1,mouse_active,1
14.728535,7,1,129,6,0.01598000000000077,101,0,mouse_active,1
14.728862,7,1,129,6,0.00032699999999863394,102,1,mouse_active,1
14.763267,7,1,129,6,0.03440500000000135,103,0,mouse_active,1
14.763294,7,1,129,6,2.6999999999333113e-05,104,1,mouse_active,1
14.77917,7,1,129,6,0.015876000000000445,105,0,mouse_active,1
14.779212,7,1,129,6,4.199999999876525e-05,106,1,mouse_active,1
14.803651,7,1,129,6,0.024439000000000988,107,0,mouse_active,1
14.80368,7,1,129,6,2.899999999961267e-05,108,1,mouse_active,1
14.816291,7,1,129,6,0.012610999999999706,109,0,mouse_active,1
14.816316,7,1,129,6,2.5000000000829914e-05,110,1,mouse_active,1
14.833839,7,1,129,6,0.017522999999998845,111,0,mouse_active,1
14.833866,7,1,129,6,2.700000000110947e-05,112,1,mouse_active,1
14.848614,7,1,129,6,0.014747999999999095,113,0,mouse_active,1
14.848709,7,1,129,6,9.499999999995623e-05,114,1,mouse_active,1
14.865632,7,1,129,6,0.016923000000000243,115,0,mouse_active,1
14.86572,7,1,129,6,8.799999999986596e-05,116,1,mouse_active,1
14.882062,7,1,129,6,0.016341999999999857,117,0,mouse_active,1
14.882153,7,1,129,6,9.100000000117348e-05,118,1,mouse_active,1
14.904348,7,1,129,6,0.022194999999999965,117,0,mouse_active,1
14.904418,7,1,129,6,6.999999999912632e-05,118,1,mouse_active,1
14.913877,7,1,129,6,0.009458999999999662,119,1,mouse_active,1
14.913963,7,1,129,6,8.600000000136276e-05,120,1,mouse_active,1
14.936327,7,1,129,6,0.022363999999999606,117,0,mouse_active,1
14.936433,7,1,129,6,0.00010599999999882925,118,1,mouse_active,1
14.952232,7,1,129,6,0.01579900000000123,117,0,mouse_active,1
14.952336,7,1,129,6,0.00010400000000032605,118,1,mouse_active,1
14.968373,7,1,129,6,0.01603699999999897,117,0,mouse_active,1
14.968453,7,1,129,6,8.00000000005241e-05,118,1,mouse_active,1
14.984304,7,1,129,6,0.015850999999999615,117,0,mouse_active,1
14.984375,7,1,129,6,7.100000000015427e-05,118,1,mouse_active,1
14.993695,7,1,129,6,0.009320000000000661,119,1,mouse_active,1
14.993781,7,1,129,6,8.599999999958641e-05,120,1,mouse_active,1
15.017757,7,1,129,6,0.02397599999999933,117,0,mouse_active,1
15.017832,7,1,129,6,7.500000000071338e-05,118,1,mouse_active,1
15.032744,7,1,129,6,0.014911999999998926,117,0,mouse_active,1
15.032865,7,1,129,6,0.00012100000000003774,118,1,mouse_active,1
15.048279,7,1,129,6,0.015414000000001593,117,0,mouse_active,1
15.048333,7,1,129,6,5.3999999998666226e-05,118,1,mouse_active,1
15.070153,7,1,129,6,0.02181999999999995,117,0,mouse_active,1
15.070234,7,1,129,6,8.09999999997757e-05,118,1,mouse_active,1
15.080865,7,1,129,6,0.010631000000000057,117,0,mouse_active,1
15.080923,7,1,129,6,5.8000000001001695e-05,118,1,mouse_active,1
15.097505,7,1,129,6,0.016581999999999653,117,0,mouse_active,1
15.097527,7,1,129,6,2.19999999995224e-05,118,1,mouse_active,1
15.112415,7,1,129,6,0.0148880000000009,117,0,mouse_active,1
15.112482,7,1,129,6,6.699999999959516e-05,118,1,mouse_active,1
15.128431,7,1,129,6,0.01594900000000088,117,0,mouse_active,1
15.128696,7,1,129,6,0.0002649999999988495,118,1,mouse_active,1
15.146052,7,1,129,6,0.017355999999999483,117,0,mouse_active,1
15.146142,7,1,129,6,9.000000000014552e-05,118,1,mouse_active,1
15.168387,7,1,129,6,0.022244999999999848,115,0,mouse_active,1
15.168459,7,1,129,6,7.200000000118223e-05,116,1,mouse_active,1
15.18453,7,1,129,6,0.01607100000000017,117,0,mouse_active,1
15.184614,7,1,129,6,8.399999999930685e-05,118,1,mouse_active,1
15.200755,7,1,129,6,0.016140999999999295,117,0,mouse_active,1
15.200841,7,1,129,6,8.600000000136276e-05,118,1,mouse_active,1
15.216746,7,1,129,6,0.015905000000000058,117,0,mouse_active,1
15.216838,7,1,129,6,9.199999999864872e-05,118,1,mouse_active,1
15.232506,7,1,129,6,0.01566800000000157,117,0,mouse_active,1
15.232599,7,1,129,6,9.299999999967667e-05,118,1,mouse_active,1
15.240724,7,1,129,6,0.008124999999999716,119,1,mouse_active,1
15.240817,7,1,129,6,9.299999999967667e-05,120,1,mouse_active,1
15.2578,7,1,129,6,0.01698299999999975,117,0,mouse_active,1
15.257912,7,1,129,6,0.00011199999999966792,118,1,mouse_active,1
15.274614,7,1,129,6,0.01670200000000044,119,0,mouse_active,1
15.274683,7,1,129,6,6.899999999987472e-05,120,1,mouse_active,1
15.288479,7,1,129,6,0.01379600000000103,117,0,mouse_active,1
15.288553,7,1,129,6,7.399999999968543e-05,118,1,mouse_active,1
15.312488,7,1,129,6,0.023934999999999818,117,0,mouse_active,1
15.312585,7,1,129,6,9.700000000023579e-05,118,1,mouse_active,1
15.320806,7,1,129,6,0.008220999999998924,119,1,mouse_active,1
15.320903,7,1,129,6,9.700000000023579e-05,120,1,mouse_active,1
15.344768,7,1,129,6,0.02386500000000069,117,0,mouse_active,1
15.344911,7,1,129,6,0.00014299999999956015,118,1,mouse_active,1
15.352519,7,1,129,6,0.007607999999999393,119,1,mouse_active,1
15.352644,7,1,129,6,0.00012500000000059686,120,1,mouse_active,1
15.376561,7,1,129,6,0.023917000000000854,119,0,mouse_active,1
15.37664,7,1,129,6,7.899999999949614e-05,120,1,mouse_active,1
15.392851,7,1,129,6,0.016211000000000197,117,0,mouse_active,1
15.392977,7,1,129,6,0.00012599999999984846,118,1,mouse_active,1
15.402753,7,1,129,6,0.009776000000000451,119,1,mouse_active,1
15.402843,7,1,129,6,9.000000000014552e-05,120,1,mouse_active,1
15.418612,7,1,129,6,0.015768999999998812,119,0,mouse_active,1
15.418702,7,1,129,6,9.000000000014552e-05,120,1,mouse_active,1
15.433601,7,1,129,6,0.014898999999999774,119,0,mouse_active,1
15.433712,7,1,129,6,0.00011100000000041632,120,1,mouse_active,1
15.450987,7,1,129,6,0.017274999999999707,119,0,mouse_active,1
15.45111,7,1,129,6,0.0001230000000003173,120,1,mouse_active,1
15.46602,7,1,129,6,0.014910000000000423,119,0,mouse_active,1
15.466156,7,1,129,6,0.00013599999999946988,120,1,mouse_active,1
15.482442,7,1,129,6,0.01628600000000091,119,0,mouse_active,1
15.482579,7,1,129,6,0.00013699999999872148,120,1,mouse_active,1
15.499536,7,1,129,6,0.016957000000001443,119,0,mouse_active,1
15.499664,7,1,129,6,0.00012799999999835165,120,1,mouse_active,1
15.512857,7,1,129,6,0.01319300000000112,119,0,mouse_active,1
15.512985,7,1,129,6,0.000128000000000128,120,1,mouse_active,1
15.530752,7,1,129,6,0.0177669999999992,119,0,mouse_active,1
15.530872,7,1,129,6,0.00012000000000078614,120,1,mouse_active,1
15.546723,7,1,129,6,0.015850999999999615,119,0,mouse_active,1
15.546859,7,1,129,6,0.00013599999999946988,120,1,mouse_active,1
15.568961,7,1,129,6,0.022102000000000288,119,0,mouse_active,1
15.569089,7,1,129,6,0.000128000000000128,120,1,mouse_active,1
15.578782,7,1,129,6,0.009693000000000396,119,1,mouse_active,1
15.578928,7,1,129,6,0.0001459999999990913,120,1,mouse_active,1
15.602714,7,1,129,6,0.023786000000001195,119,0,mouse_active,1
15.602867,7,1,129,6,0.00015299999999918157,120,1,mouse_active,1
15.617866,7,1,129,6,0.01499899999999954,119,0,mouse_active,1
15.617978,7,1,129,6,0.00011200000000144428,120,1,mouse_active,1
15.632653,7,1,129,6,0.014674999999998661,119,0,mouse_active,1
15.632762,7,1,129,6,0.00010900000000013677,120,1,mouse_active,1
15.651379,7,1,129,6,0.018617000000000772,119,0,mouse_active,1
15.651529,7,1,129,6,0.0001499999999996504,120,1,mouse_active,1
15.664956,7,1,129,6,0.013427000000000078,119,0,mouse_active,1
15.665085,7,1,129,6,0.0001289999999993796,120,1,mouse_active,1
15.682854,7,1,129,6,0.017769000000001256,121,0,mouse_active,1
15.68299,7,1,129,6,0.00013599999999946988,122,1,mouse_active,1
15.697755,7,1,129,6,0.014765000000000583,119,0,mouse_active,1
15.697833,7,1,129,6,7.799999999846818e-05,120,1,mouse_active,1
15.712759,7,1,129,6,0.014926000000000883,119,0,mouse_active,1
15.712837,7,1,129,6,7.800000000024454e-05,120,1,mouse_active,1
15.730643,7,1,129,6,0.01780600000000021,119,0,mouse_active,1
15.730666,7,1,129,6,2.2999999998774e-05,120,1,mouse_active,1
15.75278,7,1,129,6,0.02211400000000019,121,0,mouse_active,1
15.752841,7,1,129,6,6.100000000053285e-05,122,1,mouse_active,1
15.76217,7,1,129,6,0.009328999999999255,123,1,mouse_active,1
15.762253,7,1,129,6,8.300000000005525e-05,124,1,mouse_active,1
15.786034,7,1,129,6,0.023781000000001384,121,0,mouse_active,1
15.786308,7,1,129,6,0.0002739999999992193,122,1,mouse_active,1
15.802613,7,1,129,6,0.016304999999999126,123,0,mouse_active,1
15.802732,7,1,129,6,0.00011900000000153454,124,1,mouse_active,1
15.818239,7,1,129,6,0.015506999999999493,121,0,mouse_active,1
15.818359,7,1,129,6,0.00011999999999900979,122,1,mouse_active,1
15.833535,7,1,129,6,0.0151760000000003,123,0,mouse_active,1
15.833602,7,1,129,6,6.700000000137152e-05,124,1,mouse_active,1
15.859122,7,1,129,6,0.025519999999998433,121,0,mouse_active,1
15.859206,7,1,129,6,8.400000000108321e-05,122,1,mouse_active,1
15.865348,7,1,129,6,0.0061419999999987596,123,1,mouse_active,1
15.865423,7,1,129,6,7.500000000071338e-05,124,1,mouse_active,1
15.891942,7,1,129,6,0.026519000000000403,121,0,mouse_active,1
15.892037,7,1,129,6,9.499999999995623e-05,122,1,mouse_active,1
15.905055,7,1,129,6,0.01301800000000064,121,0,mouse_active,1
15.905139,7,1,129,6,8.399999999930685e-05,122,1,mouse_active,1
15.912772,7,1,129,6,0.007633000000000223,123,1,mouse_active,1
15.912834,7,1,129,6,6.199999999978445e-05,124,1,mouse_active,1
15.929569,7,1,129,6,0.01673500000000061,123,0,mouse_active,1
15.92967,7,1,129,6,0.00010099999999901854,124,1,mouse_active,1
15.946228,7,1,129,6,0.01655799999999985,123,0,mouse_active,1
15.946287,7,1,129,6,5.9000000000253294e-05,124,1,mouse_active,1
15.968766,7,1,129,6,0.022479000000000582,121,0,mouse_active,1
15.968921,7,1,129,6,0.00015499999999946112,122,1,mouse_active,1
15.977024,7,1,129,6,0.008103000000000193,123,1,mouse_active,1
15.977166,7,1,129,6,0.00014200000000030855,124,1,mouse_active,1
16.001179,7,1,129,6,0.024013000000000062,121,0,mouse_active,1
16.001386,7,1,129,6,0.00020699999999962415,122,1,mouse_active,1
16.010358,7,1,129,6,0.00897199999999998,123,1,mouse_active,1
16.010443,7,1,129,6,8.499999999855845e-05,124,1,mouse_active,1
16.033374,7,1,129,6,0.022930999999999813,121,0,mouse_active,1
16.033581,7,1,129,6,0.00020700000000317686,122,1,mouse_active,1
16.043473,7,1,129,6,0.009891999999997125,123,1,mouse_active,1
16.043624,7,1,129,6,0.00015100000000245473,124,1,mouse_active,1
16.065732,7,1,129,6,0.02210799999999935,123,0,mouse_active,1
16.0658,7,1,129,6,6.799999999884676e-05,124,1,mouse_active,1
16.072859,7,1,129,6,0.007059000000001703,123,1,mouse_active,1
16.072925,7,1,129,6,6.600000000034356e-05,124,1,mouse_active,1
16.090966,7,1,129,6,0.018041000000000196,123,0,mouse_active,1
16.09103,7,1,129,6,6.399999999828765e-05,124,1,mouse_active,1
16.105009,7,1,129,6,0.013978999999999075,123,0,mouse_active,1
16.105139,7,1,129,6,0.00013000000000218392,124,1,mouse_active,1
16.13112,7,1,129,6,0.025980999999998033,121,0,mouse_active,1
16.131258,7,1,129,6,0.00013799999999974943,122,1,mouse_active,1
16.14502,7,1,129,6,0.01376199999999983,123,0,mouse_active,1
16.145147,7,1,129,6,0.00012700000000265277,124,1,mouse_active,1
16.161102,7,1,129,6,0.015954999999998165,123,0,mouse_active,1
16.161291,7,1,129,6,0.0001889999999988845,124,1,mouse_active,1
16.177051,7,1,129,6,0.01576000000000022,123,0,mouse_active,1
16.177114,7,1,129,6,6.30000000008124e-05,124,1,mouse_active,1
16.193538,7,1,129,6,0.01642400000000066,123,0,mouse_active,1
16.193607,7,1,129,6,6.899999999987472e-05,124,1,mouse_active,1
16.21118,7,1,129,6,0.01757299999999873,123,0,mouse_active,1
16.211268,7,1,129,6,8.800000000164232e-05,124,1,mouse_active,1
16.225782,7,1,129,6,0.014513999999998362,123,0,mouse_active,1
16.225918,7,1,129,6,0.00013600000000124624,124,1,mouse_active,1
16.243087,7,1,129,6,0.0171689999999991,121,0,mouse_active,1
16.24326,7,1,129,6,0.00017300000000020077,122,1,mouse_active,1
16.267132,7,1,129,6,0.02387200000000078,121,0,mouse_active,1
16.267235,7,1,129,6,0.0001029999999992981,122,1,mouse_active,1
16.283474,7,1,129,6,0.016238999999998782,121,0,mouse_active,1
16.283538,7,1,129,6,6.400000000184036e-05,122,1,mouse_active,1
16.299369,7,1,129,6,0.015830999999998596,121,0,mouse_active,1
16.299433,7,1,129,6,6.400000000184036e-05,122,1,mouse_active,1
16.314569,7,1,129,6,0.015135999999998262,121,0,mouse_active,1
16.314646,7,1,129,6,7.700000000099294e-05,122,1,mouse_active,1
16.328962,7,1,129,6,0.014316000000000884,121,0,mouse_active,1
16.32914,7,1,129,6,0.00017799999999823513,122,1,mouse_active,1
16.346441,7,1,129,6,0.01730099999999979,121,0,mouse_active,1
16.346538,7,1,129,6,9.700000000023579e-05,122,1,mouse_active,1
16.361366,7,1,129,6,0.014828000000001396,121,0,mouse_active,1
16.361431,7,1,129,6,6.49999999993156e-05,122,1,mouse_active,1
16.387217,7,1,129,6,0.025786000000000087,121,0,mouse_active,1
16.387294,7,1,129,6,7.700000000099294e-05,122,1,mouse_active,1
16.401925,7,1,129,6,0.01463099999999784,121,0,mouse_active,1
16.40207,7,1,129,6,0.0001449999999998397,122,1,mouse_active,1
16.417252,7,1,129,6,0.015182000000002915,121,0,mouse_active,1
16.417341,7,1,129,6,8.899999999911756e-05,122,1,mouse_active,1
16.432918,7,1,129,6,0.015577000000000396,121,0,mouse_active,1
16.433058,7,1,129,6,0.00013999999999825263,122,1,mouse_active,1
16.449074,7,1,129,6,0.016016000000000474,121,0,mouse_active,1
16.449142,7,1,129,6,6.799999999884676e-05,122,1,mouse_active,1
16.467389,7,1,129,6,0.018247000000002345,119,0,mouse_active,1
16.467475,7,1,129,6,8.599999999958641e-05,120,1,mouse_active,1
16.48124,7,1,129,6,0.013764999999999361,121,0,mouse_active,1
16.481328,7,1,129,6,8.800000000164232e-05,122,1,mouse_active,1
16.497905,7,1,129,6,0.016576999999998066,121,0,mouse_active,1
16.497994,7,1,129,6,8.899999999911756e-05,122,1,mouse_active,1
16.513468,7,1,129,6,0.015474000000001098,119,0,mouse_active,1
16.513569,7,1,129,6,0.0001010000000007949,120,1,mouse_active,1
16.529923,7,1,129,6,0.016353999999999758,121,0,mouse_active,1
16.529994,7,1,129,6,7.099999999837792e-05,122,1,mouse_active,1
16.54693,7,1,129,6,0.016936000000001172,119,0,mouse_active,1
16.547016,7,1,129,6,8.599999999958641e-05,120,1,mouse_active,1
16.56931,7,1,129,6,0.022294000000002256,119,0,mouse_active,1
16.569399,7,1,129,6,8.899999999911756e-05,120,1,mouse_active,1
16.57786,7,1,129,6,0.008461000000000496,121,1,mouse_active,1
16.577953,7,1,129,6,9.299999999967667e-05,122,1,mouse_active,1
16.601453,7,1,129,6,0.023499999999998522,121,0,mouse_active,1
16.601547,7,1,129,6,9.400000000070463e-05,122,1,mouse_active,1
16.625179,7,1,129,6,0.02363199999999921,119,0,mouse_active,1
16.625208,7,1,129,6,2.9000000001389026e-05,120,1,mouse_active,1
16.651224,7,1,129,6,0.026015999999998485,119,0,mouse_active,1
16.651335,7,1,129,6,0.00011100000000041632,120,1,mouse_active,1
16.667832,7,1,129,6,0.016497000000001094,117,0,mouse_active,1
16.667861,7,1,129,6,2.8999999997836312e-05,118,1,mouse_active,1
16.691703,7,1,129,6,0.023842000000001917,117,0,mouse_active,1
16.691731,7,1,129,6,2.800000000036107e-05,118,1,mouse_active,1
16.697492,7,1,129,6,0.005760999999999683,119,1,mouse_active,1
16.69752,7,1,129,6,2.800000000036107e-05,120,1,mouse_active,1
16.723704,7,1,129,6,0.02618400000000065,117,0,mouse_active,1
16.723731,7,1,129,6,2.6999999999333113e-05,118,1,mouse_active,1
16.737493,7,1,129,6,0.01376199999999983,117,0,mouse_active,1
16.737661,7,1,129,6,0.0001679999999986137,118,1,mouse_active,1
16.746704,7,1,129,6,0.00904300000000191,119,1,mouse_active,1
16.746727,7,1,129,6,2.2999999998774e-05,120,1,mouse_active,1
16.772034,7,1,129,6,0.025307000000001523,117,0,mouse_active,1
16.772435,7,1,129,6,0.0004010000000000957,118,1,mouse_active,1
16.786687,7,1,129,6,0.014251999999999043,117,0,mouse_active,1
16.786826,7,1,129,6,0.0001390000000007774,118,1,mouse_active,1
16.801203,7,1,129,6,0.01437699999999964,119,0,mouse_active,1
16.801291,7,1,129,6,8.79999999980896e-05,120,1,mouse_active,1
16.817528,7,1,129,6,0.01623700000000028,119,0,mouse_active,1
16.817612,7,1,129,6,8.400000000108321e-05,120,1,mouse_active,1
16.833292,7,1,129,6,0.015679999999999694,119,0,mouse_active,1
16.833367,7,1,129,6,7.499999999893703e-05,120,1,mouse_active,1
16.850049,7,1,129,6,0.01668199999999942,119,0,mouse_active,1
16.850109,7,1,129,6,6.000000000128125e-05,120,1,mouse_active,1
16.865548,7,1,129,6,0.015439000000000647,117,0,mouse_active,1
16.86563,7,1,129,6,8.19999999990273e-05,118,1,mouse_active,1
16.882489,7,1,129,6,0.01685900000000018,119,0,mouse_active,1
16.882565,7,1,129,6,7.599999999996498e-05,120,1,mouse_active,1
16.897398,7,1,129,6,0.01483299999999943,119,0,mouse_active,1
16.897474,7,1,129,6,7.599999999996498e-05,120,1,mouse_active,1
16.914156,7,1,129,6,0.01668199999999942,117,0,mouse_active,1
16.914234,7,1,129,6,7.80000000020209e-05,118,1,mouse_active,1
16.929417,7,1,129,6,0.01518300000000039,119,0,mouse_active,1
16.929497,7,1,129,6,8.00000000005241e-05,120,1,mouse_active,1
16.945518,7,1,129,6,0.01602099999999851,119,0,mouse_active,1
16.945604,7,1,129,6,8.599999999958641e-05,120,1,mouse_active,1
16.96141,7,1,129,6,0.01580600000000132,119,0,mouse_active,1
16.961494,7,1,129,6,8.39999999975305e-05,120,1,mouse_active,1
16.979166,7,1,129,6,0.01767200000000102,117,0,mouse_active,1
16.97925,7,1,129,6,8.400000000108321e-05,118,1,mouse_active,1
17.003935,7,1,129,6,0.02468499999999807,117,0,mouse_active,1
17.004037,7,1,129,6,0.00010200000000182285,118,1,mouse_active,1
17.017763,7,1,129,6,0.01372599999999835,117,0,mouse_active,1
17.017895,7,1,129,6,0.00013200000000068712,118,1,mouse_active,1
17.033608,7,1,129,6,0.015713000000001642,117,0,mouse_active,1
17.033693,7,1,129,6,8.499999999855845e-05,118,1,mouse_active,1
17.049726,7,1,129,6,0.016033000000000186,117,0,mouse_active,1
17.049823,7,1,129,6,9.700000000023579e-05,118,1,mouse_active,1
17.058069,7,1,129,6,0.008245999999999754,119,1,mouse_active,1
17.058172,7,1,129,6,0.0001029999999992981,120,1,mouse_active,1
17.084335,7,1,129,6,0.02616300000000038,117,0,mouse_active,1
17.084404,7,1,129,6,6.899999999987472e-05,118,1,mouse_active,1
17.097485,7,1,129,6,0.013080999999999676,117,0,mouse_active,1
17.097566,7,1,129,6,8.100000000155205e-05,118,1,mouse_active,1
17.11486,7,1,129,6,0.0172939999999997,117,0,mouse_active,1
17.114925,7,1,129,6,6.49999999993156e-05,118,1,mouse_active,1
17.130622,7,1,129,6,0.015696999999999406,119,0,mouse_active,1
17.130718,7,1,129,6,9.600000000276054e-05,120,1,mouse_active,1
17.155913,7,1,129,6,0.02519500000000008,117,0,mouse_active,1
17.156082,7,1,129,6,0.00016899999999964166,118,1,mouse_active,1
17.172006,7,1,129,6,0.015923999999998273,117,0,mouse_active,1
17.172097,7,1,129,6,9.100000000117348e-05,118,1,mouse_active,1
17.186792,7,1,129,6,0.01469499999999968,117,0,mouse_active,1
17.186884,7,1,129,6,9.199999999864872e-05,118,1,mouse_active,1
17.201808,7,1,129,6,0.014924000000000603,117,0,mouse_active,1
17.201891,7,1,129,6,8.300000000005525e-05,118,1,mouse_active,1
17.220599,7,1,129,6,0.01870800000000017,117,0,mouse_active,1
17.22069,7,1,129,6,9.100000000117348e-05,118,1,mouse_active,1
17.23542,7,1,129,6,0.014730000000000132,117,0,mouse_active,1
17.235495,7,1,129,6,7.499999999893703e-05,118,1,mouse_active,1
17.252798,7,1,129,6,0.017302999999998292,117,0,mouse_active,1
17.25289,7,1,129,6,9.200000000220143e-05,118,1,mouse_active,1
17.265776,7,1,129,6,0.012885999999998177,119,0,mouse_active,1
17.265857,7,1,129,6,8.100000000155205e-05,120,1,mouse_active,1
17.285444,7,1,129,6,0.0195869999999978,117,0,mouse_active,1
17.285525,7,1,129,6,8.100000000155205e-05,118,1,mouse_active,1
17.299189,7,1,129,6,0.013663999999998566,119,0,mouse_active,1
17.299259,7,1,129,6,7.000000000090267e-05,120,1,mouse_active,1
17.31501,7,1,129,6,0.015751000000001625,117,0,mouse_active,1
17.315081,7,1,129,6,7.099999999837792e-05,118,1,mouse_active,1
17.329516,7,1,129,6,0.014435000000002418,117,0,mouse_active,1
17.329672,7,1,129,6,0.00015599999999693637,118,1,mouse_active,1
17.347323,7,1,129,6,0.01765100000000075,117,0,mouse_active,1
17.347448,7,1,129,6,0.00012500000000059686,118,1,mouse_active,1
17.36145,7,1,129,6,0.014002000000001402,117,0,mouse_active,1
17.361601,7,1,129,6,0.000150999999998902,118,1,mouse_active,1
17.379643,7,1,129,6,0.018042000000001224,119,0,mouse_active,1
17.379782,7,1,129,6,0.00013899999999722468,120,1,mouse_active,1
17.40372,7,1,129,6,0.023938000000001125,117,0,mouse_active,1
17.403788,7,1,129,6,6.799999999884676e-05,118,1,mouse_active,1
17.418012,7,1,129,6,0.014224000000002235,117,0,mouse_active,1
17.41808,7,1,129,6,6.799999999884676e-05,118,1,mouse_active,1
17.433772,7,1,129,6,0.01569200000000137,117,0,mouse_active,1
17.433859,7,1,129,6,8.700000000061436e-05,118,1,mouse_active,1
17.452099,7,1,129,6,0.0182399999999987,117,0,mouse_active,1
17.452177,7,1,129,6,7.799999999846818e-05,118,1,mouse_active,1
17.465575,7,1,129,6,0.013398000000002241,119,0,mouse_active,1
17.46564,7,1,129,6,6.49999999993156e-05,120,1,mouse_active,1
17.481802,7,1,129,6,0.01616199999999779,117,0,mouse_active,1
17.481879,7,1,129,6,7.700000000099294e-05,118,1,mouse_active,1
17.498705,7,1,129,6,0.016826000000001784,117,0,mouse_active,1
17.498785,7,1,129,6,8.00000000005241e-05,118,1,mouse_active,1
17.513651,7,1,129,6,0.014865999999997825,117,0,mouse_active,1
17.513723,7,1,129,6,7.199999999940587e-05,118,1,mouse_active,1
17.531314,7,1,129,6,0.017590999999999468,117,0,mouse_active,1
17.531394,7,1,129,6,8.00000000005241e-05,118,1,mouse_active,1
17.553713,7,1,129,6,0.022318999999999534,117,0,mouse_active,1
17.553803,7,1,129,6,9.000000000014552e-05,118,1,mouse_active,1
17.56196,7,1,129,6,0.008157000000000636,119,1,mouse_active,1
17.56208,7,1,129,6,0.0001200000000025625,120,1,mouse_active,1
17.577687,7,1,129,6,0.01560699999999926,119,0,mouse_active,1
17.577758,7,1,129,6,7.099999999837792e-05,120,1,mouse_active,1
17.595421,7,1,129,6,0.017663000000002427,119,0,mouse_active,1
17.595508,7,1,129,6,8.699999999706165e-05,120,1,mouse_active,1
17.617882,7,1,129,6,0.02237400000000278,119,0,mouse_active,1
17.617975,7,1,129,6,9.299999999967667e-05,120,1,mouse_active,1
17.633597,7,1,129,6,0.015622000000000469,119,0,mouse_active,1
17.633682,7,1,129,6,8.499999999855845e-05,120,1,mouse_active,1
17.649739,7,1,129,6,0.016056999999999988,121,0,mouse_active,1
17.649821,7,1,129,6,8.19999999990273e-05,122,1,mouse_active,1
17.659298,7,1,129,6,0.009477000000000402,121,1,mouse_active,1
17.659385,7,1,129,6,8.700000000061436e-05,122,1,mouse_active,1
17.681756,7,1,129,6,0.022370999999999697,121,0,mouse_active,1
17.681843,7,1,129,6,8.700000000061436e-05,122,1,mouse_active,1
17.691243,7,1,129,6,0.009399999999999409,123,1,mouse_active,1
17.691337,7,1,129,6,9.400000000070463e-05,124,1,mouse_active,1
17.715519,7,1,129,6,0.024181999999999704,121,0,mouse_active,1
17.71558,7,1,129,6,6.099999999875649e-05,122,1,mouse_active,1
17.729892,7,1,129,6,0.014312000000000324,121,0,mouse_active,1
17.729974,7,1,129,6,8.19999999990273e-05,122,1,mouse_active,1
17.746107,7,1,129,6,0.016132999999999953,121,0,mouse_active,1
17.746194,7,1,129,6,8.700000000061436e-05,122,1,mouse_active,1
17.762053,7,1,129,6,0.01585900000000251,121,0,mouse_active,1
17.762147,7,1,129,6,9.399999999715192e-05,122,1,mouse_active,1
17.778068,7,1,129,6,0.015921000000002294,121,0,mouse_active,1
17.778133,7,1,129,6,6.49999999993156e-05,122,1,mouse_active,1
17.795814,7,1,129,6,0.017680999999999614,121,0,mouse_active,1
17.795892,7,1,129,6,7.799999999846818e-05,122,1,mouse_active,1
17.817667,7,1,129,6,0.021775000000001654,119,0,mouse_active,1
17.817732,7,1,129,6,6.49999999993156e-05,120,1,mouse_active,1
17.83611,7,1,129,6,0.018378000000002004,119,0,mouse_active,1
17.836174,7,1,129,6,6.399999999828765e-05,120,1,mouse_active,1
17.849625,7,1,129,6,0.01345099999999988,121,0,mouse_active,1
17.849687,7,1,129,6,6.199999999978445e-05,122,1,mouse_active,1
17.858828,7,1,129,6,0.009140999999999622,121,1,mouse_active,1
17.858912,7,1,129,6,8.400000000108321e-05,122,1,mouse_active,1
17.875617,7,1,129,6,0.016704999999998194,121,0,mouse_active,1
17.87568,7,1,129,6,6.30000000008124e-05,122,1,mouse_active,1
17.898083,7,1,129,6,0.022403000000000617,119,0,mouse_active,1
17.898163,7,1,129,6,8.00000000005241e-05,120,1,mouse_active,1
17.914051,7,1,129,6,0.015888000000000346,121,0,mouse_active,1
17.914126,7,1,129,6,7.499999999893703e-05,122,1,mouse_active,1
17.923633,7,1,129,6,0.009506999999999266,121,1,mouse_active,1
17.923714,7,1,129,6,8.100000000155205e-05,122,1,mouse_active,1
17.946025,7,1,129,6,0.022310999999998415,119,0,mouse_active,1
17.946107,7,1,129,6,8.200000000258001e-05,120,1,mouse_active,1
17.963464,7,1,129,6,0.017356999999996958,119,0,mouse_active,1
17.963539,7,1,129,6,7.500000000248974e-05,120,1,mouse_active,1
17.972111,7,1,129,6,0.008572000000000912,121,1,mouse_active,1
17.972184,7,1,129,6,7.299999999688112e-05,122,1,mouse_active,1
17.99671,7,1,129,6,0.024526000000001602,121,0,mouse_active,1
17.996796,7,1,129,6,8.599999999958641e-05,122,1,mouse_active,1
18.009898,7,1,129,6,0.013101999999999947,121,0,mouse_active,1
18.009975,7,1,129,6,7.700000000099294e-05,122,1,mouse_active,1
18.028473,7,1,129,6,0.018498000000001014,121,0,mouse_active,1
18.028561,7,1,129,6,8.79999999980896e-05,122,1,mouse_active,1
18.042148,7,1,129,6,0.013587000000001126,121,0,mouse_active,1
18.042232,7,1,129,6,8.39999999975305e-05,122,1,mouse_active,1
18.066006,7,1,129,6,0.02377400000000307,119,0,mouse_active,1
18.066071,7,1,129,6,6.49999999993156e-05,120,1,mouse_active,1
18.074708,7,1,129,6,0.008637000000000228,121,1,mouse_active,1
18.074783,7,1,129,6,7.499999999893703e-05,122,1,mouse_active,1
18.097962,7,1,129,6,0.02317899999999895,119,0,mouse_active,1
18.098037,7,1,129,6,7.500000000248974e-05,120,1,mouse_active,1
18.106139,7,1,129,6,0.008101999999997389,121,1,mouse_active,1
18.106205,7,1,129,6,6.600000000034356e-05,122,1,mouse_active,1
18.123483,7,1,129,6,0.017278000000001015,121,0,mouse_active,1
18.123552,7,1,129,6,6.899999999987472e-05,122,1,mouse_active,1
18.146204,7,1,129,6,0.022652000000000783,121,0,mouse_active,1
18.14628,7,1,129,6,7.599999999996498e-05,122,1,mouse_active,1
18.155104,7,1,129,6,0.00882400000000061,123,1,mouse_active,1
18.155183,7,1,129,6,7.899999999949614e-05,124,1,mouse_active,1
18.178175,7,1,129,6,0.02299199999999857,121,0,mouse_active,1
18.17825,7,1,129,6,7.499999999893703e-05,122,1,mouse_active,1
18.18601,7,1,129,6,0.007760000000001099,123,1,mouse_active,1
18.186084,7,1,129,6,7.400000000146179e-05,124,1,mouse_active,1
18.202371,7,1,129,6,0.016286999999998386,121,0,mouse_active,1
18.202448,7,1,129,6,7.700000000099294e-05,122,1,mouse_active,1
18.218966,7,1,129,6,0.016518000000001365,123,0,mouse_active,1
18.219041,7,1,129,6,7.499999999893703e-05,124,1,mouse_active,1
18.241979,7,1,129,6,0.022937999999999903,121,0,mouse_active,1
18.242088,7,1,129,6,0.00010899999999836041,122,1,mouse_active,1
18.250258,7,1,129,6,0.008169999999999789,123,1,mouse_active,1
18.250398,7,1,129,6,0.00014000000000180535,124,1,mouse_active,1
18.2674,7,1,129,6,0.017001999999997963,121,0,mouse_active,1
18.267481,7,1,129,6,8.100000000155205e-05,122,1,mouse_active,1
18.283377,7,1,129,6,0.015896000000001465,123,0,mouse_active,1
18.283462,7,1,129,6,8.499999999855845e-05,124,1,mouse_active,1
18.308343,7,1,129,6,0.024881000000000597,121,0,mouse_active,1
18.308473,7,1,129,6,0.0001299999999986312,122,1,mouse_active,1
18.322246,7,1,129,6,0.01377300000000048,121,0,mouse_active,1
18.322409,7,1,129,6,0.00016300000000057935,122,1,mouse_active,1
18.338015,7,1,129,6,0.015605999999998232,121,0,mouse_active,1
18.33813,7,1,129,6,0.00011500000000097543,122,1,mouse_active,1
18.355876,7,1,129,6,0.01774599999999893,121,0,mouse_active,1
18.356011,7,1,129,6,0.00013500000000021828,122,1,mouse_active,1
18.370313,7,1,129,6,0.014302000000000703,121,0,mouse_active,1
18.370378,7,1,129,6,6.49999999993156e-05,122,1,mouse_active,1
18.386053,7,1,129,6,0.01567500000000166,121,0,mouse_active,1
18.386156,7,1,129,6,0.0001029999999992981,122,1,mouse_active,1
18.402012,7,1,129,6,0.015855999999999426,123,0,mouse_active,1
18.402118,7,1,129,6,0.00010600000000238197,124,1,mouse_active,1
18.418111,7,1,129,6,0.015992999999998148,121,0,mouse_active,1
18.418186,7,1,129,6,7.499999999893703e-05,122,1,mouse_active,1
18.434032,7,1,129,6,0.015845999999999805,121,0,mouse_active,1
18.434132,7,1,129,6,0.00010000000000331966,122,1,mouse_active,1
18.450258,7,1,129,6,0.016125999999999863,123,0,mouse_active,1
18.450343,7,1,129,6,8.499999999855845e-05,124,1,mouse_active,1
18.466252,7,1,129,6,0.015909000000000617,121,0,mouse_active,1
18.466328,7,1,129,6,7.599999999996498e-05,122,1,mouse_active,1
18.484296,7,1,129,6,0.017967999999999762,121,0,mouse_active,1
18.484421,7,1,129,6,0.00012500000000059686,122,1,mouse_active,1
18.509361,7,1,129,6,0.024939999999997298,121,0,mouse_active,1
18.50952,7,1,129,6,0.00015900000000002024,122,1,mouse_active,1
18.522378,7,1,129,6,0.012858000000001368,121,0,mouse_active,1
18.522505,7,1,129,6,0.00012699999999910005,122,1,mouse_active,1
18.530067,7,1,129,6,0.007562000000000069,123,1,mouse_active,1
18.530169,7,1,129,6,0.00010200000000182285,124,1,mouse_active,1
18.546405,7,1,129,6,0.01623599999999925,123,0,mouse_active,1
18.546602,7,1,129,6,0.00019700000000000273,124,1,mouse_active,1
18.562419,7,1,129,6,0.015816999999998416,121,0,mouse_active,1
18.562549,7,1,129,6,0.00013000000000218392,122,1,mouse_active,1
18.578444,7,1,129,6,0.015895000000000437,121,0,mouse_active,1
18.578582,7,1,129,6,0.00013799999999974943,122,1,mouse_active,1
18.595679,7,1,129,6,0.017096999999999696,121,0,mouse_active,1
18.595842,7,1,129,6,0.00016300000000057935,122,1,mouse_active,1
18.622257,7,1,129,6,0.026415000000000077,121,0,mouse_active,1
18.622382,7,1,129,6,0.00012500000000059686,122,1,mouse_active,1
18.635903,7,1,129,6,0.01352099999999723,121,0,mouse_active,1
18.636017,7,1,129,6,0.00011399999999994748,122,1,mouse_active,1
18.651468,7,1,129,6,0.015451000000002324,121,0,mouse_active,1
18.651572,7,1,129,6,0.00010400000000032605,122,1,mouse_active,1
18.669328,7,1,129,6,0.01775599999999855,121,0,mouse_active,1
18.669467,7,1,129,6,0.0001390000000007774,122,1,mouse_active,1
18.682337,7,1,129,6,0.012869999999999493,121,0,mouse_active,1
18.682465,7,1,129,6,0.000128000000000128,122,1,mouse_active,1
18.700288,7,1,129,6,0.017822999999999922,121,0,mouse_active,1
18.700383,7,1,129,6,9.499999999817987e-05,122,1,mouse_active,1
18.716717,7,1,129,6,0.016334000000000515,121,0,mouse_active,1
18.716793,7,1,129,6,7.599999999996498e-05,122,1,mouse_active,1
18.738197,7,1,129,6,0.021404000000000423,121,0,mouse_active,1
18.738341,7,1,129,6,0.00014399999999881175,122,1,mouse_active,1
18.757374,7,1,129,6,0.0190330000000003,121,0,mouse_active,1
18.757461,7,1,129,6,8.700000000061436e-05,122,1,mouse_active,1
18.771241,7,1,129,6,0.01378000000000057,121,0,mouse_active,1
18.771352,7,1,129,6,0.00011100000000041632,122,1,mouse_active,1
18.787597,7,1,129,6,0.016245000000001397,121,0,mouse_active,1
18.787762,7,1,129,6,0.00016499999999908255,122,1,mouse_active,1
18.80435,7,1,129,6,0.016587999999998715,121,0,mouse_active,1
18.804436,7,1,129,6,8.599999999958641e-05,122,1,mouse_active,1
18.828787,7,1,129,6,0.024350999999999345,121,0,mouse_active,1
18.828865,7,1,129,6,7.80000000020209e-05,122,1,mouse_active,1
18.84531,7,1,129,6,0.01644500000000093,121,0,mouse_active,1
18.845457,7,1,129,6,0.0001469999999983429,122,1,mouse_active,1
18.859383,7,1,129,6,0.013926000000001437,119,0,mouse_active,1
18.85941,7,1,129,6,2.6999999999333113e-05,120,1,mouse_active,1
18.87451,7,1,129,6,0.015100000000000335,121,0,mouse_active,1
18.874538,7,1,129,6,2.800000000036107e-05,122,1,mouse_active,1
18.890544,7,1,129,6,0.0160059999999973,121,0,mouse_active,1
18.890571,7,1,129,6,2.7000000002885827e-05,122,1,mouse_active,1
18.924755,7,1,129,6,0.03418399999999977,117,0,mouse_active,1
18.924783,7,1,129,6,2.800000000036107e-05,118,1,mouse_active,1
18.948335,7,1,129,6,0.023551999999998685,117,0,mouse_active,1
18.948362,7,1,129,6,2.6999999999333113e-05,118,1,mouse_active,1
18.964461,7,1,129,6,0.01609900000000053,117,0,mouse_active,1
18.964489,7,1,129,6,2.800000000036107e-05,118,1,mouse_active,1
18.979779,7,1,129,6,0.015290000000000248,117,0,mouse_active,1
18.979806,7,1,129,6,2.6999999999333113e-05,118,1,mouse_active,1
19.002438,7,1,129,6,0.02263200000000154,117,0,mouse_active,1
19.002545,7,1,129,6,0.00010699999999985721,118,1,mouse_active,1
19.010601,7,1,129,6,0.008055999999999841,117,1,mouse_active,1
19.010691,7,1,129,6,9.000000000014552e-05,118,1,mouse_active,1
19.028323,7,1,129,6,0.017631999999998982,119,0,mouse_active,1
19.028411,7,1,129,6,8.79999999980896e-05,120,1,mouse_active,1
19.042814,7,1,129,6,0.014403000000001498,117,0,mouse_active,1
19.042926,7,1,129,6,0.00011200000000144428,118,1,mouse_active,1
19.076145,7,1,129,6,0.033218999999999,115,0,mouse_active,1
19.076222,7,1,129,6,7.700000000099294e-05,116,1,mouse_active,1
19.106597,7,1,129,6,0.030374999999999375,113,0,mouse_active,1
19.10667,7,1,129,6,7.300000000043383e-05,114,1,mouse_active,1
19.122668,7,1,129,6,0.015997999999999735,115,0,mouse_active,1
19.122743,7,1,129,6,7.499999999893703e-05,116,1,mouse_active,1
19.140559,7,1,129,6,0.017815999999999832,115,0,mouse_active,1
19.140625,7,1,129,6,6.600000000034356e-05,116,1,mouse_active,1
19.156476,7,1,129,6,0.015851000000001392,113,0,mouse_active,1
19.156551,7,1,129,6,7.499999999893703e-05,114,1,mouse_active,1
19.170643,7,1,129,6,0.014091999999997995,115,0,mouse_active,1
19.170674,7,1,129,6,3.100000000344494e-05,116,1,mouse_active,1
19.188255,7,1,129,6,0.017580999999999847,113,0,mouse_active,1
19.188282,7,1,129,6,2.6999999999333113e-05,114,1,mouse_active,1
19.202688,7,1,129,6,0.014405999999997476,113,0,mouse_active,1
19.202717,7,1,129,6,2.9000000001389026e-05,114,1,mouse_active,1
19.23473,7,1,129,6,0.03201299999999918,113,0,mouse_active,1
19.234756,7,1,129,6,2.600000000185787e-05,114,1,mouse_active,1
19.259272,7,1,129,6,0.024515999999998428,111,0,mouse_active,1
19.2593,7,1,129,6,2.800000000036107e-05,112,1,mouse_active,1
19.275941,7,1,129,6,0.016640999999999906,111,0,mouse_active,1
19.275968,7,1,129,6,2.6999999999333113e-05,112,1,mouse_active,1
19.298771,7,1,129,6,0.022802999999999685,111,0,mouse_active,1
19.298798,7,1,129,6,2.7000000002885827e-05,112,1,mouse_active,1
19.31455,7,1,129,6,0.0157519999999991,111,0,mouse_active,1
19.314578,7,1,129,6,2.800000000036107e-05,112,1,mouse_active,1
19.332383,7,1,129,6,0.017804999999999183,111,0,mouse_active,1
19.332405,7,1,129,6,2.200000000129876e-05,112,1,mouse_active,1
19.362787,7,1,129,6,0.030381999999999465,109,0,mouse_active,1
19.362816,7,1,129,6,2.8999999997836312e-05,110,1,mouse_active,1
19.386593,7,1,129,6,0.0237770000000026,107,0,mouse_active,1
19.386614,7,1,129,6,2.1000000000270802e-05,108,1,mouse_active,1
19.402878,7,1,129,6,0.016263999999999612,107,0,mouse_active,1
19.402905,7,1,129,6,2.6999999999333113e-05,108,1,mouse_active,1
19.418532,7,1,129,6,0.015626999999998503,107,0,mouse_active,1
19.418569,7,1,129,6,3.700000000250725e-05,108,1,mouse_active,1
19.436325,7,1,129,6,0.01775599999999855,107,0,mouse_active,1
19.436352,7,1,129,6,2.6999999999333113e-05,108,1,mouse_active,1
19.458543,7,1,129,6,0.022190999999999406,107,0,mouse_active,1
19.45857,7,1,129,6,2.7000000002885827e-05,108,1,mouse_active,1
19.477587,7,1,129,6,0.019016999999998063,107,0,mouse_active,1
19.477614,7,1,129,6,2.6999999999333113e-05,108,1,mouse_active,1
19.492424,7,1,129,6,0.014810000000000656,107,0,mouse_active,1
19.492442,7,1,129,6,1.8000000000739647e-05,108,1,mouse_active,1
19.507891,7,1,129,6,0.015449000000000268,109,0,mouse_active,1
19.507921,7,1,129,6,2.999999999886427e-05,110,1,mouse_active,1
19.52342,7,1,129,6,0.015499000000001928,107,0,mouse_active,1
19.523446,7,1,129,6,2.5999999998305157e-05,108,1,mouse_active,1
19.538837,7,1,129,6,0.015391000000001043,107,0,mouse_active,1
19.538864,7,1,129,6,2.6999999999333113e-05,108,1,mouse_active,1
19.556819,7,1,129,6,0.01795500000000061,107,0,mouse_active,1
19.556846,7,1,129,6,2.6999999999333113e-05,108,1,mouse_active,1
19.578921,7,1,129,6,0.022075000000000955,105,0,mouse_active,1
19.578949,7,1,129,6,2.800000000036107e-05,106,1,mouse_active,1
19.586728,7,1,129,6,0.007778999999999314,107,1,mouse_active,1
19.586755,7,1,129,6,2.6999999999333113e-05,108,1,mouse_active,1
19.613959,7,1,129,6,0.027204000000001116,107,0,mouse_active,1
19.613988,7,1,129,6,2.8999999997836312e-05,108,1,mouse_active,1
19.628701,7,1,129,6,0.01471300000000042,107,0,mouse_active,1
19.628725,7,1,129,6,2.3999999999801958e-05,108,1,mouse_active,1
19.644436,7,1,129,6,0.015710999999999586,107,0,mouse_active,1
19.644462,7,1,129,6,2.600000000185787e-05,108,1,mouse_active,1
19.65896,7,1,129,6,0.014497999999999678,107,0,mouse_active,1
19.658987,7,1,129,6,2.6999999999333113e-05,108,1,mouse_active,1
19.674649,7,1,129,6,0.015661999999998955,107,0,mouse_active,1
19.674736,7,1,129,6,8.700000000061436e-05,108,1,mouse_active,1
19.692313,7,1,129,6,0.017576999999999288,107,0,mouse_active,1
19.692407,7,1,129,6,9.400000000070463e-05,108,1,mouse_active,1
19.709492,7,1,129,6,0.01708500000000157,107,0,mouse_active,1
19.709584,7,1,129,6,9.199999999864872e-05,108,1,mouse_active,1
19.732922,7,1,129,6,0.02333799999999897,107,0,mouse_active,1
19.733001,7,1,129,6,7.900000000304885e-05,108,1,mouse_active,1
19.747,7,1,129,6,0.013998999999998318,107,0,mouse_active,1
19.747088,7,1,129,6,8.800000000164232e-05,108,1,mouse_active,1
19.756911,7,1,129,6,0.00982299999999725,109,1,mouse_active,1
19.756932,7,1,129,6,2.1000000000270802e-05,110,1,mouse_active,1
19.771025,7,1,129,6,0.014093000000002576,109,0,mouse_active,1
19.771115,7,1,129,6,9.000000000014552e-05,110,1,mouse_active,1
19.788911,7,1,129,6,0.017795999999997036,107,0,mouse_active,1
19.788999,7,1,129,6,8.800000000164232e-05,108,1,mouse_active,1
19.805469,7,1,129,6,0.01646999999999821,107,0,mouse_active,1
19.805542,7,1,129,6,7.300000000043383e-05,108,1,mouse_active,1
19.818977,7,1,129,6,0.013435000000001196,109,0,mouse_active,1
19.819087,7,1,129,6,0.00010999999999938836,110,1,mouse_active,1
19.861229,7,1,129,6,0.0421420000000019,105,0,mouse_active,1
19.861315,7,1,129,6,8.599999999958641e-05,106,1,mouse_active,1
19.876241,7,1,129,6,0.014925999999999107,105,0,mouse_active,1
19.87631,7,1,129,6,6.899999999987472e-05,106,1,mouse_active,1
19.892818,7,1,129,6,0.01650799999999819,105,0,mouse_active,1
19.892947,7,1,129,6,0.00012900000000115597,106,1,mouse_active,1
19.90684,7,1,129,6,0.013892999999999489,107,0,mouse_active,1
19.906956,7,1,129,6,0.00011600000000200339,108,1,mouse_active,1
19.923065,7,1,129,6,0.01610900000000015,109,0,mouse_active,1
19.923175,7,1,129,6,0.00010999999999938836,110,1,mouse_active,1
19.949875,7,1,129,6,0.02669999999999817,107,0,mouse_active,1
19.950018,7,1,129,6,0.0001430000000013365,108,1,mouse_active,1
19.965243,7,1,129,6,0.015225000000000932,107,0,mouse_active,1
19.965381,7,1,129,6,0.00013799999999974943,108,1,mouse_active,1
19.980723,7,1,129,6,0.01534200000000041,107,0,mouse_active,1
19.980879,7,1,129,6,0.00015600000000048908,108,1,mouse_active,1
19.996056,7,1,129,6,0.015176999999997776,109,0,mouse_active,1
19.996164,7,1,129,6,0.00010800000000088517,110,1,mouse_active,1
20.010938,7,1,129,6,0.014773999999999177,107,0,mouse_active,1
20.01105,7,1,129,6,0.00011200000000144428,108,1,mouse_active,1
20.027206,7,1,129,6,0.016155999999998727,109,0,mouse_active,1
20.02737,7,1,129,6,0.0001640000000016073,110,1,mouse_active,1
20.044329,7,1,129,6,0.016958999999999946,107,0,mouse_active,1
20.04456,7,1,129,6,0.0002309999999994261,108,1,mouse_active,1
20.06037,7,1,129,6,0.015809999999998325,109,0,mouse_active,1
20.060499,7,1,129,6,0.00012900000000115597,110,1,mouse_active,1
20.076554,7,1,129,6,0.016055000000001485,109,0,mouse_active,1
20.07669,7,1,129,6,0.00013599999999769352,110,1,mouse_active,1
20.106936,7,1,129,6,0.03024600000000177,109,0,mouse_active,1
20.107086,7,1,129,6,0.00014999999999787406,110,1,mouse_active,1
20.131101,7,1,129,6,0.024015000000002118,109,0,mouse_active,1
20.13127,7,1,129,6,0.00016899999999964166,110,1,mouse_active,1
20.147022,7,1,129,6,0.0157519999999991,109,0,mouse_active,1
20.147124,7,1,129,6,0.00010200000000182285,110,1,mouse_active,1
20.163075,7,1,129,6,0.015950999999997606,109,0,mouse_active,1
20.163215,7,1,129,6,0.00014000000000180535,110,1,mouse_active,1
20.18067,7,1,129,6,0.017454999999998222,109,0,mouse_active,1
20.180803,7,1,129,6,0.00013300000000171508,110,1,mouse_active,1
20.195246,7,1,129,6,0.014442999999999984,109,0,mouse_active,1
20.195375,7,1,129,6,0.00012899999999760325,110,1,mouse_active,1
20.218993,7,1,129,6,0.02361800000000258,109,0,mouse_active,1
20.219097,7,1,129,6,0.00010400000000032605,110,1,mouse_active,1
20.228444,7,1,129,6,0.009346999999998218,111,1,mouse_active,1
20.228591,7,1,129,6,0.00014700000000189561,112,1,mouse_active,1
20.243219,7,1,129,6,0.014627999999998309,111,0,mouse_active,1
20.243362,7,1,129,6,0.0001430000000013365,112,1,mouse_active,1
20.264454,7,1,129,6,0.021091999999999445,111,0,mouse_active,1
20.264638,7,1,129,6,0.00018400000000085015,112,1,mouse_active,1
20.276299,7,1,129,6,0.011661000000000143,111,0,mouse_active,1
20.276395,7,1,129,6,9.599999999920783e-05,112,1,mouse_active,1
20.291225,7,1,129,6,0.014829999999999899,113,0,mouse_active,1
20.291353,7,1,129,6,0.000128000000000128,114,1,mouse_active,1
20.346975,7,1,129,6,0.055621999999999616,109,0,mouse_active,1
20.347033,7,1,129,6,5.799999999922534e-05,110,1,mouse_active,1
20.412974,7,1,129,6,0.0659409999999987,105,0,mouse_active,1
20.413911,7,1,129,6,0.0009370000000004097,106,1,mouse_active,1
20.427264,7,1,129,6,0.013353000000002169,105,0,mouse_active,1
20.427393,7,1,129,6,0.00012899999999760325,106,1,mouse_active,1
20.474997,7,1,129,6,0.04760399999999976,103,0,mouse_active,1
20.475157,7,1,129,6,0.0001600000000010482,104,1,mouse_active,1
20.483022,7,1,129,6,0.0078649999999989,103,1,mouse_active,1
20.483162,7,1,129,6,0.00014000000000180535,104,1,mouse_active,1
20.50089,7,1,129,6,0.01772799999999819,103,0,mouse_active,1
20.50096,7,1,129,6,7.000000000090267e-05,104,1,mouse_active,1
20.516688,7,1,129,6,0.015727999999999298,103,0,mouse_active,1
20.516833,7,1,129,6,0.0001449999999998397,104,1,mouse_active,1
20.539159,7,1,129,6,0.022326000000003177,101,0,mouse_active,1
20.539314,7,1,129,6,0.00015499999999946112,102,1,mouse_active,1
20.548576,7,1,129,6,0.00926199999999966,103,1,mouse_active,1
20.548684,7,1,129,6,0.00010800000000088517,104,1,mouse_active,1
20.58722,7,1,129,6,0.03853599999999702,99,0,mouse_active,1
20.58735,7,1,129,6,0.00013000000000218392,100,1,mouse_active,1
20.604669,7,1,129,6,0.01731900000000053,101,0,mouse_active,1
20.604808,7,1,129,6,0.00013899999999722468,102,1,mouse_active,1
20.619421,7,1,129,6,0.014613000000000653,101,0,mouse_active,1
20.61949,7,1,129,6,6.899999999987472e-05,102,1,mouse_active,1
20.635164,7,1,129,6,0.015674000000000632,101,0,mouse_active,1
20.635273,7,1,129,6,0.00010900000000191312,102,1,mouse_active,1
20.662775,7,1,129,6,0.02750199999999836,99,0,mouse_active,1
20.662916,7,1,129,6,0.0001409999999992806,100,1,mouse_active,1
20.675477,7,1,129,6,0.012561000000001599,99,0,mouse_active,1
20.675611,7,1,129,6,0.00013399999999919032,100,1,mouse_active,1
20.731472,7,1,129,6,0.05586100000000016,97,0,mouse_active,1
20.731605,7,1,129,6,0.00013299999999816237,98,1,mouse_active,1
20.787601,7,1,129,6,0.05599600000000038,91,0,mouse_active,1
20.787663,7,1,129,6,6.199999999978445e-05,92,1,mouse_active,1
20.811498,7,1,129,6,0.023835000000001827,89,0,mouse_active,1
20.811627,7,1,129,6,0.00012900000000115597,90,1,mouse_active,1
20.819481,7,1,129,6,0.007853999999998251,89,1,mouse_active,1
20.819608,7,1,129,6,0.00012699999999910005,90,1,mouse_active,1
20.85927,7,1,129,6,0.039661999999999864,91,0,mouse_active,1
20.859389,7,1,129,6,0.00011900000000153454,92,1,mouse_active,1
20.878087,7,1,129,6,0.018698000000000548,89,0,mouse_active,1
20.878208,7,1,129,6,0.00012100000000003774,90,1,mouse_active,1
20.892044,7,1,129,6,0.013835999999997739,91,0,mouse_active,1
20.892102,7,1,129,6,5.800000000277805e-05,92,1,mouse_active,1
20.907558,7,1,129,6,0.015456000000000358,89,0,mouse_active,1
20.90769,7,1,129,6,0.0001319999999971344,90,1,mouse_active,1
20.923329,7,1,129,6,0.01563900000000018,89,0,mouse_active,1
20.92346,7,1,129,6,0.00013099999999965917,90,1,mouse_active,1
20.939568,7,1,129,6,0.016108000000002676,91,0,mouse_active,1
20.939677,7,1,129,6,0.00010899999999836041,92,1,mouse_active,1
20.96361,7,1,129,6,0.023932999999999538,91,0,mouse_active,1
20.963739,7,1,129,6,0.00012900000000115597,92,1,mouse_active,1
21.291739,7,1,129,6,0.3279999999999994,53,0,mouse_active,1
21.291896,7,1,129,6,0.00015700000000151704,54,1,mouse_active,1
21.387471,7,1,129,6,0.09557500000000019,53,0,mouse_active,1
21.387573,7,1,129,6,0.00010199999999827014,54,1,mouse_active,1
21.403597,7,1,129,6,0.016024000000001593,55,0,mouse_active,1
21.403806,7,1,129,6,0.00020899999999812735,56,1,mouse_active,1
21.42115,7,1,129,6,0.01734400000000136,55,0,mouse_active,1
21.421216,7,1,129,6,6.600000000034356e-05,56,1,mouse_active,1
21.451809,7,1,129,6,0.030592999999999648,55,0,mouse_active,1
21.451891,7,1,129,6,8.19999999990273e-05,56,1,mouse_active,1
21.476896,7,1,129,6,0.025005000000000166,55,0,mouse_active,1
21.476951,7,1,129,6,5.499999999969418e-05,56,1,mouse_active,1
21.493351,7,1,129,6,0.01640000000000086,55,0,mouse_active,1
21.493454,7,1,129,6,0.0001029999999992981,56,1,mouse_active,1
21.515527,7,1,129,6,0.0220729999999989,55,0,mouse_active,1
21.515626,7,1,129,6,9.90000000022917e-05,56,1,mouse_active,1
21.525491,7,1,129,6,0.009864999999997792,55,1,mouse_active,1
21.525587,7,1,129,6,9.600000000276054e-05,56,1,mouse_active,1
21.587683,7,1,129,6,0.06209599999999682,51,0,mouse_active,1
21.587746,7,1,129,6,6.30000000008124e-05,52,1,mouse_active,1
21.643905,7,1,129,6,0.05615900000000096,47,0,mouse_active,1
21.643989,7,1,129,6,8.400000000108321e-05,48,1,mouse_active,1
21.660304,7,1,129,6,0.016314999999998747,49,0,mouse_active,1
21.660387,7,1,129,6,8.300000000005525e-05,50,1,mouse_active,1
21.675958,7,1,129,6,0.015571000000001334,47,0,mouse_active,1
21.676051,7,1,129,6,9.299999999967667e-05,48,1,mouse_active,1
21.715752,7,1,129,6,0.03970099999999732,49,0,mouse_active,1
21.715831,7,1,129,6,7.900000000304885e-05,50,1,mouse_active,1
21.7336,7,1,129,6,0.017768999999997703,49,0,mouse_active,1
21.733671,7,1,129,6,7.100000000193063e-05,50,1,mouse_active,1
21.748849,7,1,129,6,0.015177999999998804,51,0,mouse_active,1
21.7493,7,1,129,6,0.00045100000000175555,52,1,mouse_active,1
21.764065,7,1,129,6,0.01476499999999703,53,0,mouse_active,1
21.764178,7,1,129,6,0.00011300000000247223,54,1,mouse_active,1
21.779771,7,1,129,6,0.01559299999999908,55,0,mouse_active,1
21.779845,7,1,129,6,7.400000000146179e-05,56,1,mouse_active,1
21.797734,7,1,129,6,0.017888999999996713,55,0,mouse_active,1
21.79781,7,1,129,6,7.599999999996498e-05,56,1,mouse_active,1
21.813176,7,1,129,6,0.015366000000000213,55,0,mouse_active,1
21.813258,7,1,129,6,8.200000000258001e-05,56,1,mouse_active,1
21.83602,7,1,129,6,0.02276200000000017,55,0,mouse_active,1
21.836172,7,1,129,6,0.00015199999999992997,56,1,mouse_active,1
21.845976,7,1,129,6,0.009803999999999036,57,1,mouse_active,1
21.846131,7,1,129,6,0.00015499999999946112,58,1,mouse_active,1
21.875696,7,1,129,6,0.029565000000001618,57,0,mouse_active,1
21.875707,7,1,129,6,1.0999999997096666e-05,58,1,mouse_active,1
21.899851,7,1,129,6,0.024144000000003274,55,0,mouse_active,1
21.899872,7,1,129,6,2.099999999671809e-05,56,1,mouse_active,1
21.915843,7,1,129,6,0.0159710000000004,55,0,mouse_active,1
21.91593,7,1,129,6,8.700000000061436e-05,56,1,mouse_active,1
21.934311,7,1,129,6,0.018381000000001535,55,0,mouse_active,1
21.934408,7,1,129,6,9.700000000023579e-05,56,1,mouse_active,1
22.003838,7,1,129,6,0.069429999999997,53,0,mouse_active,1
22.003922,7,1,129,6,8.400000000108321e-05,54,1,mouse_active,1
22.054399,7,1,129,6,0.05047700000000077,55,0,mouse_active,1
22.054491,7,1,129,6,9.199999999864872e-05,56,1,mouse_active,1
22.069631,7,1,129,6,0.015140000000002374,57,0,mouse_active,1
22.069726,7,1,129,6,9.499999999817987e-05,58,1,mouse_active,1
22.084177,7,1,129,6,0.014451000000001102,59,0,mouse_active,1
22.084271,7,1,129,6,9.400000000070463e-05,60,1,mouse_active,1
22.147816,7,1,129,6,0.06354499999999774,61,0,mouse_active,1
22.147906,7,1,129,6,9.000000000014552e-05,62,1,mouse_active,1
22.204019,7,1,129,6,0.05611299999999986,63,0,mouse_active,1
22.204039,7,1,129,6,2.000000000279556e-05,64,1,mouse_active,1
22.21233,7,1,129,6,0.008290999999999826,65,1,mouse_active,1
22.212413,7,1,129,6,8.300000000005525e-05,66,1,mouse_active,1
22.253968,7,1,129,6,0.0415549999999989,67,0,mouse_active,1
22.254059,7,1,129,6,9.100000000117348e-05,68,1,mouse_active,1
22.277552,7,1,129,6,0.023492999999998432,69,0,mouse_active,1
22.27764,7,1,129,6,8.800000000164232e-05,70,1,mouse_active,1
22.29229,7,1,129,6,0.014649999999999608,69,0,mouse_active,1
22.292379,7,1,129,6,8.899999999911756e-05,70,1,mouse_active,1
22.308006,7,1,129,6,0.015626999999998503,71,0,mouse_active,1
22.308078,7,1,129,6,7.199999999940587e-05,72,1,mouse_active,1
22.316597,7,1,129,6,0.008519000000003274,73,1,mouse_active,1
22.316671,7,1,129,6,7.399999999790907e-05,74,1,mouse_active,1
22.340102,7,1,129,6,0.0234310000000022,75,0,mouse_active,1
22.34017,7,1,129,6,6.799999999884676e-05,76,1,mouse_active,1
22.356949,7,1,129,6,0.016778999999999655,77,0,mouse_active,1
22.357058,7,1,129,6,0.00010899999999836041,78,1,mouse_active,1
22.374082,7,1,129,6,0.017024000000002815,79,0,mouse_active,1
22.37421,7,1,129,6,0.000128000000000128,80,1,mouse_active,1
22.388187,7,1,129,6,0.01397699999999702,79,0,mouse_active,1
22.388315,7,1,129,6,0.000128000000000128,80,1,mouse_active,1
22.404038,7,1,129,6,0.015723000000001264,79,0,mouse_active,1
22.404149,7,1,129,6,0.00011100000000041632,80,1,mouse_active,1
22.421444,7,1,129,6,0.017295000000000726,79,0,mouse_active,1
22.421575,7,1,129,6,0.00013099999999965917,80,1,mouse_active,1
22.444315,7,1,129,6,0.022739999999998872,81,0,mouse_active,1
22.444445,7,1,129,6,0.00013000000000218392,82,1,mouse_active,1
22.451966,7,1,129,6,0.007520999999997002,81,1,mouse_active,1
22.452065,7,1,129,6,9.90000000022917e-05,82,1,mouse_active,1
22.469816,7,1,129,6,0.017751000000000516,83,0,mouse_active,1
22.469948,7,1,129,6,0.0001319999999971344,84,1,mouse_active,1
22.492169,7,1,129,6,0.022221000000001823,83,0,mouse_active,1
22.492297,7,1,129,6,0.000128000000000128,84,1,mouse_active,1
22.501278,7,1,129,6,0.008980999999998573,83,1,mouse_active,1
22.501395,7,1,129,6,0.00011699999999947863,84,1,mouse_active,1
22.526179,7,1,129,6,0.02478400000000036,81,0,mouse_active,1
22.526333,7,1,129,6,0.00015400000000198588,82,1,mouse_active,1
22.540051,7,1,129,6,0.013717999999997232,83,0,mouse_active,1
22.540149,7,1,129,6,9.800000000126374e-05,84,1,mouse_active,1
22.55704,7,1,129,6,0.0168910000000011,85,0,mouse_active,1
22.557183,7,1,129,6,0.0001429999999977838,86,1,mouse_active,1
22.606824,7,1,129,6,0.049641000000001156,85,0,mouse_active,1
22.606959,7,1,129,6,0.00013500000000021828,86,1,mouse_active,1
22.621798,7,1,129,6,0.014838999999998492,87,0,mouse_active,1
22.621923,7,1,129,6,0.00012500000000059686,88,1,mouse_active,1
22.636199,7,1,129,6,0.014276000000002398,89,0,mouse_active,1
22.636306,7,1,129,6,0.00010699999999985721,90,1,mouse_active,1
22.652301,7,1,129,6,0.015995000000000203,89,0,mouse_active,1
22.652436,7,1,129,6,0.00013500000000021828,90,1,mouse_active,1
22.670061,7,1,129,6,0.01762499999999889,89,0,mouse_active,1
22.670194,7,1,129,6,0.00013299999999816237,90,1,mouse_active,1
22.68492,7,1,129,6,0.014726000000003125,89,0,mouse_active,1
22.685047,7,1,129,6,0.00012699999999910005,90,1,mouse_active,1
22.701661,7,1,129,6,0.016614000000000573,91,0,mouse_active,1
22.701788,7,1,129,6,0.00012699999999910005,92,1,mouse_active,1
22.727393,7,1,129,6,0.025604999999998768,91,0,mouse_active,1
22.727461,7,1,129,6,6.800000000239947e-05,92,1,mouse_active,1
22.742852,7,1,129,6,0.01539099999999749,91,0,mouse_active,1
22.743026,7,1,129,6,0.00017400000000122873,92,1,mouse_active,1
22.756234,7,1,129,6,0.013207999999998776,91,0,mouse_active,1
22.756311,7,1,129,6,7.700000000099294e-05,92,1,mouse_active,1
22.772229,7,1,129,6,0.01591799999999921,91,0,mouse_active,1
22.772357,7,1,129,6,0.000128000000000128,92,1,mouse_active,1
22.788257,7,1,129,6,0.015900000000002024,91,0,mouse_active,1
22.788334,7,1,129,6,7.699999999744023e-05,92,1,mouse_active,1
22.796554,7,1,129,6,0.008220000000001448,93,1,mouse_active,1
22.796705,7,1,129,6,0.000150999999998902,94,1,mouse_active,1
22.85263,7,1,129,6,0.055925000000002,87,0,mouse_active,1
22.852783,7,1,129,6,0.0001529999999974052,88,1,mouse_active,1
22.917713,7,1,129,6,0.06493000000000038,83,0,mouse_active,1
22.917794,7,1,129,6,8.100000000155205e-05,84,1,mouse_active,1
22.933956,7,1,129,6,0.01616199999999779,85,0,mouse_active,1
22.934088,7,1,129,6,0.00013200000000068712,86,1,mouse_active,1
22.94871,7,1,129,6,0.014621999999999247,85,0,mouse_active,1
22.948861,7,1,129,6,0.00015100000000245473,86,1,mouse_active,1
22.988439,7,1,129,6,0.03957799999999878,87,0,mouse_active,1
22.988557,7,1,129,6,0.00011800000000050659,88,1,mouse_active,1
23.012524,7,1,129,6,0.02396699999999896,87,0,mouse_active,1
23.012614,7,1,129,6,9.000000000014552e-05,88,1,mouse_active,1
23.021794,7,1,129,6,0.009180000000000632,89,1,mouse_active,1
23.021814,7,1,129,6,1.9999999999242846e-05,90,1,mouse_active,1
23.047147,7,1,129,6,0.025332999999999828,91,0,mouse_active,1
23.047233,7,1,129,6,8.599999999958641e-05,92,1,mouse_active,1
23.060507,7,1,129,6,0.013274000000002673,91,0,mouse_active,1
23.060596,7,1,129,6,8.899999999911756e-05,92,1,mouse_active,1
23.068646,7,1,129,6,0.008050000000000779,93,1,mouse_active,1
23.068743,7,1,129,6,9.700000000023579e-05,94,1,mouse_active,1
23.085133,7,1,129,6,0.016389999999997684,91,0,mouse_active,1
23.08522,7,1,129,6,8.700000000061436e-05,92,1,mouse_active,1
23.100263,7,1,129,6,0.015043000000002138,93,0,mouse_active,1
23.100324,7,1,129,6,6.099999999875649e-05,94,1,mouse_active,1
23.11769,7,1,129,6,0.017365999999999104,95,0,mouse_active,1
23.117782,7,1,129,6,9.199999999864872e-05,96,1,mouse_active,1
23.167707,7,1,129,6,0.049925000000001774,95,0,mouse_active,1
23.167726,7,1,129,6,1.899999999821489e-05,96,1,mouse_active,1
23.173302,7,1,129,6,0.005576000000001358,97,1,mouse_active,1
23.173379,7,1,129,6,7.700000000099294e-05,98,1,mouse_active,1
23.188864,7,1,129,6,0.015484999999998195,99,0,mouse_active,1
23.18896,7,1,129,6,9.600000000276054e-05,100,1,mouse_active,1
23.204637,7,1,129,6,0.015677000000000163,99,0,mouse_active,1
23.204857,7,1,129,6,0.00021999999999877673,100,1,mouse_active,1
23.220426,7,1,129,6,0.015568999999999278,99,0,mouse_active,1
23.220508,7,1,129,6,8.19999999990273e-05,100,1,mouse_active,1
23.236737,7,1,129,6,0.016229000000002713,101,0,mouse_active,1
23.236828,7,1,129,6,9.099999999762076e-05,102,1,mouse_active,1
23.252788,7,1,129,6,0.015959999999999752,103,0,mouse_active,1
23.252815,7,1,129,6,2.6999999999333113e-05,104,1,mouse_active,1
23.286778,7,1,129,6,0.03396300000000352,101,0,mouse_active,1
23.286799,7,1,129,6,2.099999999671809e-05,102,1,mouse_active,1
23.311465,7,1,129,6,0.024665999999999855,99,0,mouse_active,1
23.311486,7,1,129,6,2.1000000000270802e-05,100,1,mouse_active,1
23.324764,7,1,129,6,0.013277999999999679,99,0,mouse_active,1
23.32479,7,1,129,6,2.600000000185787e-05,100,1,mouse_active,1
23.341872,7,1,129,6,0.017081999999998487,99,0,mouse_active,1
23.341892,7,1,129,6,2.000000000279556e-05,100,1,mouse_active,1
23.356579,7,1,129,6,0.014686999999998562,101,0,mouse_active,1
23.356612,7,1,129,6,3.2999999998395424e-05,102,1,mouse_active,1
23.372794,7,1,129,6,0.016182000000000585,101,0,mouse_active,1
23.372822,7,1,129,6,2.800000000036107e-05,102,1,mouse_active,1
23.413898,7,1,129,6,0.041076000000000334,97,0,mouse_active,1
23.413924,7,1,129,6,2.600000000185787e-05,98,1,mouse_active,1
23.42867,7,1,129,6,0.014745999999998816,97,0,mouse_active,1
23.428691,7,1,129,6,2.1000000000270802e-05,98,1,mouse_active,1
23.445903,7,1,129,6,0.01721200000000067,97,0,mouse_active,1
23.445923,7,1,129,6,1.9999999999242846e-05,98,1,mouse_active,1
23.462622,7,1,129,6,0.01669899999999913,97,0,mouse_active,1
23.462651,7,1,129,6,2.9000000001389026e-05,98,1,mouse_active,1
23.478456,7,1,129,6,0.01580500000000029,97,0,mouse_active,1
23.478483,7,1,129,6,2.6999999999333113e-05,98,1,mouse_active,1
23.500851,7,1,129,6,0.022368000000000166,97,0,mouse_active,1
23.50095,7,1,129,6,9.899999999873899e-05,98,1,mouse_active,1
23.510305,7,1,129,6,0.009354999999999336,97,1,mouse_active,1
23.510332,7,1,129,6,2.6999999999333113e-05,98,1,mouse_active,1
23.556616,7,1,129,6,0.046284000000003545,95,0,mouse_active,1
23.556656,7,1,129,6,3.999999999848569e-05,96,1,mouse_active,1
23.572562,7,1,129,6,0.015906000000001086,95,0,mouse_active,1
23.572574,7,1,129,6,1.1999999998124622e-05,96,1,mouse_active,1
23.580513,7,1,129,6,0.007939000000000362,97,1,mouse_active,1
23.580537,7,1,129,6,2.3999999999801958e-05,98,1,mouse_active,1
23.604773,7,1,129,6,0.024236000000001923,99,0,mouse_active,1
23.6048,7,1,129,6,2.6999999999333113e-05,100,1,mouse_active,1
23.614217,7,1,129,6,0.00941699999999912,99,1,mouse_active,1
23.614283,7,1,129,6,6.600000000034356e-05,100,1,mouse_active,1
23.63673,7,1,129,6,0.02244699999999966,97,0,mouse_active,1
23.636825,7,1,129,6,9.500000000173259e-05,98,1,mouse_active,1
23.646696,7,1,129,6,0.009870999999996855,99,1,mouse_active,1
23.646788,7,1,129,6,9.200000000220143e-05,100,1,mouse_active,1
23.679804,7,1,129,6,0.033015999999999934,97,0,mouse_active,1
23.679872,7,1,129,6,6.799999999884676e-05,98,1,mouse_active,1
23.700586,7,1,129,6,0.020714000000001676,97,0,mouse_active,1
23.70066,7,1,129,6,7.399999999790907e-05,98,1,mouse_active,1
23.716983,7,1,129,6,0.016322999999999865,97,0,mouse_active,1
23.717189,7,1,129,6,0.0002060000000021489,98,1,mouse_active,1
23.740721,7,1,129,6,0.023531999999999442,97,0,mouse_active,1
23.740797,7,1,129,6,7.599999999996498e-05,98,1,mouse_active,1
23.749316,7,1,129,6,0.008518999999999721,97,1,mouse_active,1
23.749397,7,1,129,6,8.099999999799934e-05,98,1,mouse_active,1
23.766248,7,1,129,6,0.016851000000002614,97,0,mouse_active,1
23.76634,7,1,129,6,9.199999999864872e-05,98,1,mouse_active,1
23.821013,7,1,129,6,0.05467300000000108,93,0,mouse_active,1
23.821085,7,1,129,6,7.199999999940587e-05,94,1,mouse_active,1
23.877075,7,1,129,6,0.055990000000001316,93,0,mouse_active,1
23.877151,7,1,129,6,7.599999999996498e-05,94,1,mouse_active,1
23.900741,7,1,129,6,0.023589999999998668,95,0,mouse_active,1
23.900823,7,1,129,6,8.19999999990273e-05,96,1,mouse_active,1
23.916779,7,1,129,6,0.015955999999999193,97,0,mouse_active,1
23.916987,7,1,129,6,0.0002080000000006521,98,1,mouse_active,1
23.926792,7,1,129,6,0.009805000000000064,97,1,mouse_active,1
23.92687,7,1,129,6,7.80000000020209e-05,98,1,mouse_active,1
23.951398,7,1,129,6,0.024528000000000105,95,0,mouse_active,1
23.951497,7,1,129,6,9.899999999873899e-05,96,1,mouse_active,1
23.964889,7,1,129,6,0.013391999999999626,97,0,mouse_active,1
23.964972,7,1,129,6,8.300000000005525e-05,98,1,mouse_active,1
23.980845,7,1,129,6,0.015872999999999138,99,0,mouse_active,1
23.980922,7,1,129,6,7.700000000099294e-05,100,1,mouse_active,1
23.996878,7,1,129,6,0.015955999999999193,99,0,mouse_active,1
23.996965,7,1,129,6,8.700000000061436e-05,100,1,mouse_active,1
24.014412,7,1,129,6,0.017447000000000656,99,0,mouse_active,1
24.014496,7,1,129,6,8.400000000108321e-05,100,1,mouse_active,1
24.028912,7,1,129,6,0.014415999999997098,99,0,mouse_active,1
24.029002,7,1,129,6,9.000000000014552e-05,100,1,mouse_active,1
24.047876,7,1,129,6,0.01887400000000028,99,0,mouse_active,1
24.047978,7,1,129,6,0.00010200000000182285,100,1,mouse_active,1
24.079632,7,1,129,6,0.03165399999999963,97,0,mouse_active,1
24.079702,7,1,129,6,7.000000000090267e-05,98,1,mouse_active,1
24.102453,7,1,129,6,0.02275099999999952,95,0,mouse_active,1
24.102516,7,1,129,6,6.30000000008124e-05,96,1,mouse_active,1
24.124962,7,1,129,6,0.022445999999998634,95,0,mouse_active,1
24.125027,7,1,129,6,6.49999999993156e-05,96,1,mouse_active,1
24.134357,7,1,129,6,0.009330000000002059,97,1,mouse_active,1
24.134478,7,1,129,6,0.00012100000000003774,98,1,mouse_active,1
24.157164,7,1,129,6,0.022686000000000206,99,0,mouse_active,1
24.157362,7,1,129,6,0.00019799999999747797,100,1,mouse_active,1
24.173102,7,1,129,6,0.015740000000000975,99,0,mouse_active,1
24.173218,7,1,129,6,0.00011599999999845068,100,1,mouse_active,1
24.188877,7,1,129,6,0.015659000000002976,98,0,mouse_active,1
24.188969,7,1,129,6,9.199999999864872e-05,98,1,mouse_active,1
24.231207,7,1,129,6,0.04223800000000111,95,0,mouse_active,1
24.231277,7,1,129,6,6.999999999734996e-05,96,1,mouse_active,1
24.245048,7,1,129,6,0.013771000000001976,95,0,mouse_active,1
24.245111,7,1,129,6,6.30000000008124e-05,96,1,mouse_active,1
24.263776,7,1,129,6,0.0186649999999986,95,0,mouse_active,1
24.263867,7,1,129,6,9.100000000117348e-05,96,1,mouse_active,1
24.279057,7,1,129,6,0.015190000000000481,97,0,mouse_active,1
24.279084,7,1,129,6,2.6999999999333113e-05,98,1,mouse_active,1
24.294813,7,1,129,6,0.015729000000000326,97,0,mouse_active,1
24.295003,7,1,129,6,0.00018999999999991246,98,1,mouse_active,1
24.309208,7,1,129,6,0.014205000000000467,99,0,mouse_active,1
24.309291,7,1,129,6,8.300000000005525e-05,100,1,mouse_active,1
24.325065,7,1,129,6,0.015773999999996846,97,0,mouse_active,1
24.325149,7,1,129,6,8.400000000108321e-05,98,1,mouse_active,1
24.341285,7,1,129,6,0.016135999999999484,99,0,mouse_active,1
24.341474,7,1,129,6,0.00018900000000243722,100,1,mouse_active,1
24.365132,7,1,129,6,0.023657999999997514,97,0,mouse_active,1
24.365195,7,1,129,6,6.30000000008124e-05,98,1,mouse_active,1
24.37509,7,1,129,6,0.00989500000000021,97,1,mouse_active,1
24.37517,7,1,129,6,8.00000000005241e-05,98,1,mouse_active,1
24.389051,7,1,129,6,0.013880999999997812,99,0,mouse_active,1
24.389178,7,1,129,6,0.00012700000000265277,100,1,mouse_active,1
24.405178,7,1,129,6,0.015999999999998238,101,0,mouse_active,1
24.405565,7,1,129,6,0.0003869999999999152,102,1,mouse_active,1
24.42105,7,1,129,6,0.015485000000001747,101,0,mouse_active,1
24.421121,7,1,129,6,7.099999999837792e-05,102,1,mouse_active,1
24.437031,7,1,129,6,0.015910000000001645,101,0,mouse_active,1
24.437109,7,1,129,6,7.799999999846818e-05,102,1,mouse_active,1
24.454425,7,1,129,6,0.017316000000000997,101,0,mouse_active,1
24.454653,7,1,129,6,0.00022799999999989495,102,1,mouse_active,1
24.469912,7,1,129,6,0.015259000000000356,101,0,mouse_active,1
24.470001,7,1,129,6,8.899999999911756e-05,102,1,mouse_active,1
24.485083,7,1,129,6,0.015081999999999596,101,0,mouse_active,1
24.485139,7,1,129,6,5.600000000072214e-05,102,1,mouse_active,1
24.501383,7,1,129,6,0.01624400000000037,101,0,mouse_active,1
24.501483,7,1,129,6,9.999999999976694e-05,102,1,mouse_active,1
24.517343,7,1,129,6,0.015859999999999985,101,0,mouse_active,1
24.517532,7,1,129,6,0.0001889999999988845,102,1,mouse_active,1
24.535335,7,1,129,6,0.01780300000000068,103,0,mouse_active,1
24.535408,7,1,129,6,7.300000000043383e-05,104,1,mouse_active,1
24.54933,7,1,129,6,0.013922000000000878,105,0,mouse_active,1
24.549417,7,1,129,6,8.699999999706165e-05,106,1,mouse_active,1
24.565456,7,1,129,6,0.0160390000000028,105,0,mouse_active,1
24.565546,7,1,129,6,9.000000000014552e-05,106,1,mouse_active,1
24.57312,7,1,129,6,0.007573999999998193,105,1,mouse_active,1
24.573276,7,1,129,6,0.00015600000000048908,106,1,mouse_active,1
24.599352,7,1,129,6,0.026075999999999766,105,0,mouse_active,1
24.599448,7,1,129,6,9.599999999920783e-05,106,1,mouse_active,1
24.614522,7,1,129,6,0.01507400000000203,103,0,mouse_active,1
24.614618,7,1,129,6,9.599999999920783e-05,104,1,mouse_active,1
24.62984,7,1,129,6,0.015222000000001401,105,0,mouse_active,1
24.629929,7,1,129,6,8.899999999911756e-05,106,1,mouse_active,1
24.646854,7,1,129,6,0.016925000000000523,103,0,mouse_active,1
24.64692,7,1,129,6,6.600000000034356e-05,104,1,mouse_active,1
24.661285,7,1,129,6,0.014364999999997963,105,0,mouse_active,1
24.661369,7,1,129,6,8.400000000108321e-05,106,1,mouse_active,1
24.677354,7,1,129,6,0.015985000000000582,107,0,mouse_active,1
24.677437,7,1,129,6,8.300000000005525e-05,108,1,mouse_active,1
24.694364,7,1,129,6,0.016926999999999026,107,0,mouse_active,1
24.694605,7,1,129,6,0.00024099999999904753,108,1,mouse_active,1
24.709233,7,1,129,6,0.014628000000001862,107,0,mouse_active,1
24.709372,7,1,129,6,0.00013899999999722468,108,1,mouse_active,1
24.725212,7,1,129,6,0.015840000000000742,107,0,mouse_active,1
24.725322,7,1,129,6,0.00010999999999938836,108,1,mouse_active,1
24.742445,7,1,129,6,0.017123000000001554,107,0,mouse_active,1
24.742546,7,1,129,6,0.0001010000000007949,108,1,mouse_active,1
24.76738,7,1,129,6,0.02483399999999847,105,0,mouse_active,1
24.76747,7,1,129,6,9.000000000014552e-05,106,1,mouse_active,1
24.773386,7,1,129,6,0.005915999999999144,107,1,mouse_active,1
24.773594,7,1,129,6,0.0002080000000006521,108,1,mouse_active,1
24.79727,7,1,129,6,0.023676000000001807,109,0,mouse_active,1
24.797461,7,1,129,6,0.0001909999999973877,110,1,mouse_active,1
24.807357,7,1,129,6,0.009896000000001237,111,1,mouse_active,1
24.807405,7,1,129,6,4.7999999999603915e-05,112,1,mouse_active,1
24.821169,7,1,129,6,0.013764000000001886,111,0,mouse_active,1
24.82123,7,1,129,6,6.099999999875649e-05,112,1,mouse_active,1
24.837242,7,1,129,6,0.016011999999999915,113,0,mouse_active,1
24.837307,7,1,129,6,6.49999999993156e-05,114,1,mouse_active,1
24.853507,7,1,129,6,0.016200000000001324,115,0,mouse_active,1
24.853589,7,1,129,6,8.19999999990273e-05,116,1,mouse_active,1
24.869859,7,1,129,6,0.016270000000002227,117,0,mouse_active,1
24.869936,7,1,129,6,7.699999999744023e-05,118,1,mouse_active,1
24.887108,7,1,129,6,0.017172000000002186,117,0,mouse_active,1
24.887185,7,1,129,6,7.699999999744023e-05,118,1,mouse_active,1
24.903303,7,1,129,6,0.016118000000002297,117,0,mouse_active,1
24.903377,7,1,129,6,7.399999999790907e-05,118,1,mouse_active,1
24.917285,7,1,129,6,0.013908000000000698,117,0,mouse_active,1
24.917402,7,1,129,6,0.00011699999999947863,118,1,mouse_active,1
24.933524,7,1,129,6,0.016121999999999304,117,0,mouse_active,1
24.933811,7,1,129,6,0.00028700000000014825,118,1,mouse_active,1
24.949226,7,1,129,6,0.015415000000000845,119,0,mouse_active,1
24.949342,7,1,129,6,0.00011600000000200339,120,1,mouse_active,1
24.966911,7,1,129,6,0.01756899999999817,117,0,mouse_active,1
24.967048,7,1,129,6,0.00013699999999872148,118,1,mouse_active,1
24.981651,7,1,129,6,0.014603000000001032,117,0,mouse_active,1
24.981781,7,1,129,6,0.00013000000000218392,118,1,mouse_active,1
24.99934,7,1,129,6,0.017558999999998548,117,0,mouse_active,1
24.999407,7,1,129,6,6.700000000137152e-05,118,1,mouse_active,1
25.053674,7,1,129,6,0.0542669999999994,113,0,mouse_active,1
25.053804,7,1,129,6,0.0001299999999986312,114,1,mouse_active,1
25.119716,7,1,129,6,0.06591200000000086,111,0,mouse_active,1
25.119732,7,1,129,6,1.5999999998683734e-05,112,1,mouse_active,1
25.136672,7,1,129,6,0.01694000000000173,109,0,mouse_active,1
25.136762,7,1,129,6,9.000000000014552e-05,110,1,mouse_active,1
25.150247,7,1,129,6,0.013484999999999303,111,0,mouse_active,1
25.150334,7,1,129,6,8.700000000061436e-05,112,1,mouse_active,1
25.165398,7,1,129,6,0.015063999999998856,111,0,mouse_active,1
25.165469,7,1,129,6,7.100000000193063e-05,112,1,mouse_active,1
25.182763,7,1,129,6,0.0172939999999997,111,0,mouse_active,1
25.182844,7,1,129,6,8.099999999799934e-05,112,1,mouse_active,1
25.208346,7,1,129,6,0.02550199999999947,111,0,mouse_active,1
25.208453,7,1,129,6,0.00010699999999985721,112,1,mouse_active,1
25.221648,7,1,129,6,0.013194999999999624,113,0,mouse_active,1
25.221668,7,1,129,6,2.000000000279556e-05,114,1,mouse_active,1
25.239022,7,1,129,6,0.017353999999997427,113,0,mouse_active,1
25.239126,7,1,129,6,0.00010400000000032605,114,1,mouse_active,1
25.255117,7,1,129,6,0.015990999999999644,113,0,mouse_active,1
25.255211,7,1,129,6,9.400000000070463e-05,114,1,mouse_active,1
25.277559,7,1,129,6,0.022348000000000923,113,0,mouse_active,1
25.277654,7,1,129,6,9.499999999817987e-05,114,1,mouse_active,1
25.29358,7,1,129,6,0.01592600000000033,113,0,mouse_active,1
25.29367,7,1,129,6,9.000000000014552e-05,114,1,mouse_active,1
25.33626,7,1,129,6,0.04259000000000057,109,0,mouse_active,1
25.336419,7,1,129,6,0.00015900000000002024,110,1,mouse_active,1
25.353267,7,1,129,6,0.01684799999999953,109,0,mouse_active,1
25.353333,7,1,129,6,6.600000000034356e-05,110,1,mouse_active,1
25.366839,7,1,129,6,0.013505999999999574,109,0,mouse_active,1
25.366917,7,1,129,6,7.80000000020209e-05,110,1,mouse_active,1
25.382829,7,1,129,6,0.015912000000000148,109,0,mouse_active,1
25.382922,7,1,129,6,9.299999999967667e-05,110,1,mouse_active,1
25.399011,7,1,129,6,0.016089000000000908,109,0,mouse_active,1
25.399118,7,1,129,6,0.00010699999999985721,110,1,mouse_active,1
25.416261,7,1,129,6,0.017142999999997244,109,0,mouse_active,1
25.416355,7,1,129,6,9.400000000070463e-05,110,1,mouse_active,1
25.440779,7,1,129,6,0.02442399999999978,107,0,mouse_active,1
25.440862,7,1,129,6,8.300000000005525e-05,108,1,mouse_active,1
25.47973,7,1,129,6,0.03886800000000079,105,0,mouse_active,1
25.479817,7,1,129,6,8.700000000061436e-05,106,1,mouse_active,1
25.495973,7,1,129,6,0.016155999999998727,105,0,mouse_active,1
25.496123,7,1,129,6,0.00015000000000142677,106,1,mouse_active,1
25.509636,7,1,129,6,0.013512999999999664,105,0,mouse_active,1
25.509723,7,1,129,6,8.700000000061436e-05,106,1,mouse_active,1
25.517861,7,1,129,6,0.008137999999998868,105,1,mouse_active,1
25.517948,7,1,129,6,8.700000000061436e-05,106,1,mouse_active,1
25.541715,7,1,129,6,0.023766999999999427,105,0,mouse_active,1
25.541793,7,1,129,6,7.799999999846818e-05,106,1,mouse_active,1
25.55769,7,1,129,6,0.015897000000002492,105,0,mouse_active,1
25.557843,7,1,129,6,0.0001529999999974052,106,1,mouse_active,1
25.56723,7,1,129,6,0.009387000000000256,105,1,mouse_active,1
25.567317,7,1,129,6,8.700000000061436e-05,106,1,mouse_active,1
25.591981,7,1,129,6,0.02466400000000135,105,0,mouse_active,1
25.592055,7,1,129,6,7.399999999790907e-05,106,1,mouse_active,1
25.605585,7,1,129,6,0.013530000000002929,105,0,mouse_active,1
25.605747,7,1,129,6,0.0001619999999995514,106,1,mouse_active,1
25.725911,7,1,129,6,0.12016399999999905,91,0,mouse_active,1
25.725996,7,1,129,6,8.499999999855845e-05,92,1,mouse_active,1
25.89598,7,1,129,6,0.16998400000000302,73,0,mouse_active,1
25.896071,7,1,129,6,9.099999999762076e-05,74,1,mouse_active,1
25.912195,7,1,129,6,0.01612400000000136,73,0,mouse_active,1
25.912295,7,1,129,6,9.999999999976694e-05,74,1,mouse_active,1
26.182017,7,1,129,6,0.269721999999998,53,0,mouse_active,1
26.182103,7,1,129,6,8.600000000313912e-05,54,1,mouse_active,1
26.822576,7,1,129,6,0.6404730000000001,7,0,mouse_active,1
26.822664,7,1,129,6,8.79999999980896e-05,8,1,mouse_active,1
26.942417,7,1,129,6,0.11975299999999933,5,0,mouse_active,1
26.942583,7,1,129,6,0.0001660000000001105,6,1,mouse_active,1
27.230581,7,1,129,6,0.28799800000000175,5,0,mouse_active,1
27.230766,7,1,129,6,0.0001849999999983254,6,1,mouse_active,1
27.590936,7,1,129,6,0.3601700000000001,7,0,mouse_active,1
27.591058,7,1,129,6,0.0001220000000010657,8,1,mouse_active,1
27.887041,7,1,129,6,0.29598299999999966,7,0,mouse_active,1
27.887172,7,1,129,6,0.00013099999999965917,8,1,mouse_active,1
28.343031,7,1,129,6,0.45585900000000024,5,0,mouse_active,1
28.34311,7,1,129,6,7.899999999949614e-05,6,1,mouse_active,1
28.679389,7,1,129,6,0.3362790000000011,5,0,mouse_active,1
28.679482,7,1,129,6,9.299999999967667e-05,6,1,mouse_active,1
29.07964,7,1,129,6,0.4001580000000011,5,0,mouse_active,1
29.079791,7,1,129,6,0.000150999999998902,6,1,mouse_active,1
29.151665,7,1,129,6,0.0718740000000011,7,0,mouse_active,1
29.151889,7,1,129,6,0.00022399999999933584,8,1,mouse_active,1
29.20772,7,1,129,6,0.055830999999997744,9,0,mouse_active,1
29.207882,7,1,129,6,0.0001620000000031041,10,1,mouse_active,1
29.266372,7,1,129,6,0.05848999999999904,11,0,mouse_active,1
29.266465,7,1,129,6,9.299999999967667e-05,12,1,mouse_active,1
29.279387,7,1,129,6,0.012921999999999656,13,0,mouse_active,1
29.279574,7,1,129,6,0.0001870000000003813,14,1,mouse_active,1
29.49584,7,1,129,6,0.21626600000000096,13,0,mouse_active,1
29.49593,7,1,129,6,9.000000000014552e-05,14,1,mouse_active,1
29.607577,7,1,129,6,0.11164699999999783,15,0,mouse_active,1
29.607605,7,1,129,6,2.800000000036107e-05,16,1,mouse_active,1
29.711913,7,1,129,6,0.10430799999999962,15,0,mouse_active,1
29.711999,7,1,129,6,8.599999999958641e-05,16,1,mouse_active,1
29.831924,7,1,129,6,0.11992500000000206,17,0,mouse_active,1
29.832016,7,1,129,6,9.199999999864872e-05,18,1,mouse_active,1
29.83978,7,1,129,6,0.0077640000000016585,19,1,mouse_active,1
29.839922,7,1,129,6,0.00014200000000030855,20,1,mouse_active,1
29.903827,7,1,129,6,0.06390499999999832,21,0,mouse_active,1
29.903931,7,1,129,6,0.00010400000000032605,22,1,mouse_active,1
29.962987,7,1,129,6,0.05905599999999822,23,0,mouse_active,1
29.963076,7,1,129,6,8.900000000267028e-05,24,1,mouse_active,1
29.991796,7,1,129,6,0.028719999999999857,25,0,mouse_active,1
29.991872,7,1,129,6,7.599999999996498e-05,26,1,mouse_active,1
30.009405,7,1,129,6,0.017533000000000243,27,0,mouse_active,1
30.009482,7,1,129,6,7.699999999744023e-05,28,1,mouse_active,1
30.216256,7,1,129,6,0.2067740000000029,23,0,mouse_active,1
